timestamp,steps,bpm
2021-01-01 00,0,54
2021-01-01 01,0,54
2021-01-01 03,0,52
2021-01-01 06,0,58
2021-01-01 09,415,82
2021-01-01 13,143,72
2021-01-01 16,82,72
2021-01-01 17,126,77
2021-01-01 18,0,70
2021-01-01 20,120,67
2021-01-01 22,0,58
2021-01-02 03,0,54
2021-01-02 05,11,56
2021-01-02 11,0,69
2021-01-02 12,182,74
2021-01-02 14,87,75
2021-01-02 15,0,61
2021-01-02 19,311,72
2021-01-02 22,0,58
2021-01-03 01,0,57
2021-01-03 04,0,53
2021-01-03 15,97,68
2021-01-03 18,1985,87
2021-01-03 23,0,61
2021-01-04 03,0,50
2021-01-04 05,0,50
2021-01-04 06,0,57
2021-01-04 07,1491,95
2021-01-04 08,360,98
2021-01-04 10,622,87
2021-01-04 13,579,84
2021-01-04 16,43,77
2021-01-04 22,44,57
2021-01-05 00,0,53
2021-01-05 01,0,55
2021-01-05 03,0,57
2021-01-05 05,91,58
2021-01-05 06,386,66
2021-01-05 07,731,84
2021-01-05 12,334,77
2021-01-05 14,18,80
2021-01-05 19,450,83
2021-01-05 22,11,55
2021-01-05 23,11,54
2021-01-06 00,0,54
2021-01-06 03,0,53
2021-01-06 07,900,95
2021-01-06 10,6,80
2021-01-06 11,41,77
2021-01-06 13,10,84
2021-01-06 14,188,84
2021-01-06 15,109,80
2021-01-06 18,857,87
2021-01-06 19,154,78
2021-01-06 21,0,57
2021-01-06 23,14,57
2021-01-07 01,0,59
2021-01-07 02,10,58
2021-01-07 03,0,54
2021-01-07 08,1162,102
2021-01-07 09,27,86
2021-01-07 10,54,85
2021-01-07 11,43,83
2021-01-07 12,0,79
2021-01-07 13,681,91
2021-01-07 14,37,87
2021-01-07 16,526,87
2021-01-07 21,521,78
2021-01-07 23,0,56
2021-01-08 00,0,54
2021-01-08 01,0,54
2021-01-08 02,0,53
2021-01-08 03,0,57
2021-01-08 05,0,58
2021-01-08 10,826,96
2021-01-08 12,1138,101
2021-01-08 14,195,84
2021-01-08 17,0,73
2021-01-08 18,439,78
2021-01-08 19,565,87
2021-01-08 20,133,71
2021-01-08 22,0,59
2021-01-08 23,0,60
2021-01-09 01,7,61
2021-01-09 03,8,62
2021-01-09 04,6,58
2021-01-09 10,82,76
2021-01-09 11,56,72
2021-01-09 12,220,73
2021-01-09 19,29,74
2021-01-09 20,63,71
2021-01-10 01,0,58
2021-01-10 02,8,56
2021-01-10 06,60,68
2021-01-10 14,211,68
2021-01-10 16,28,77
2021-01-10 17,495,75
2021-01-10 18,952,105
2021-01-10 19,300,78
2021-01-11 01,4,56
2021-01-11 02,0,55
2021-01-11 15,51,78
2021-01-11 18,24,77
2021-01-11 20,414,78
2021-01-11 22,36,62
2021-01-11 23,12,53
2021-01-12 00,0,53
2021-01-12 01,15,54
2021-01-12 06,88,65
2021-01-12 07,1136,112
2021-01-12 10,34,79
2021-01-12 12,538,82
2021-01-12 14,161,76
2021-01-12 16,336,78
2021-01-12 17,489,81
2021-01-12 18,601,83
2021-01-12 19,432,80
2021-01-12 23,7,54
2021-01-13 05,0,57
2021-01-13 07,310,74
2021-01-13 10,101,74
2021-01-13 11,519,78
2021-01-13 12,161,83
2021-01-13 17,410,70
2021-01-13 20,6,70
2021-01-13 21,0,56
2021-01-13 22,9,56
2021-01-13 23,8,54
2021-01-14 00,0,55
2021-01-14 01,7,58
2021-01-14 02,0,54
2021-01-14 03,0,54
2021-01-14 12,781,91
2021-01-14 15,0,78
2021-01-14 16,1964,91
2021-01-14 18,54,83
2021-01-14 22,159,79
2021-01-14 23,11,65
2021-01-15 02,16,58
2021-01-15 04,43,62
2021-01-15 09,506,87
2021-01-15 13,1656,95
2021-01-15 14,371,84
2021-01-15 15,301,80
2021-01-15 16,20,76
2021-01-15 18,612,82
2021-01-15 19,107,80
2021-01-15 21,0,59
2021-01-15 23,0,56
2021-01-16 00,0,57
2021-01-16 01,150,59
2021-01-16 02,0,56
2021-01-16 04,0,56
2021-01-16 05,0,56
2021-01-16 17,1930,84
2021-01-16 20,8,63
2021-01-17 05,7,55
2021-01-17 06,0,57
2021-01-17 09,1636,114
2021-01-17 13,226,78
2021-01-17 17,975,89
2021-01-17 20,2635,101
2021-01-17 23,6,56
2021-01-18 00,0,56
2021-01-18 06,5,55
2021-01-18 07,714,82
2021-01-18 10,497,82
2021-01-18 11,462,77
2021-01-18 13,1307,93
2021-01-18 14,7,80
2021-01-18 16,43,79
2021-01-18 18,617,76
2021-01-18 19,412,81
2021-01-18 23,0,60
2021-01-19 01,0,56
2021-01-19 06,91,69
2021-01-19 11,26,71
2021-01-19 12,302,76
2021-01-19 19,84,83
2021-01-19 21,107,73
2021-01-19 23,0,58
2021-01-20 03,0,55
2021-01-20 05,6,55
2021-01-20 07,2112,94
2021-01-20 08,1244,108
2021-01-20 09,50,85
2021-01-20 10,72,89
2021-01-20 12,701,91
2021-01-20 14,1306,88
2021-01-20 18,696,88
2021-01-20 20,99,72
2021-01-21 02,0,55
2021-01-21 04,0,57
2021-01-21 06,182,69
2021-01-21 11,37,73
2021-01-21 12,498,76
2021-01-21 13,130,85
2021-01-21 14,208,85
2021-01-21 15,675,82
2021-01-22 01,0,61
2021-01-22 03,9,57
2021-01-22 04,0,58
2021-01-22 05,0,58
2021-01-22 06,252,62
2021-01-22 08,286,78
2021-01-22 09,220,77
2021-01-22 13,887,90
2021-01-22 15,358,73
2021-01-22 17,364,77
2021-01-22 19,432,92
2021-01-22 23,0,57
2021-01-23 02,16,54
2021-01-23 07,747,84
2021-01-23 10,411,72
2021-01-23 11,13,73
2021-01-23 15,42,80
2021-01-24 02,0,57
2021-01-24 03,0,57
2021-01-24 04,0,57
2021-01-24 07,0,55
2021-01-24 09,62,82
2021-01-24 11,21,65
2021-01-24 14,328,74
2021-01-24 17,66,70
2021-01-24 22,4,56
2021-01-25 00,0,54
2021-01-25 05,0,52
2021-01-25 06,15,54
2021-01-25 08,450,102
2021-01-25 09,291,85
2021-01-25 10,725,88
2021-01-25 13,1507,92
2021-01-25 14,12,81
2021-01-25 15,28,81
2021-01-25 16,15,80
2021-01-25 17,0,77
2021-01-25 18,7,76
2021-01-25 19,477,87
2021-01-25 20,196,90
2021-01-25 21,363,87
2021-01-25 22,412,77
2021-01-25 23,5,61
2021-01-26 00,7,56
2021-01-26 02,0,56
2021-01-26 06,0,62
2021-01-26 07,588,72
2021-01-26 10,8,80
2021-01-26 12,218,79
2021-01-26 13,563,89
2021-01-26 14,6,87
2021-01-26 19,0,80
2021-01-26 20,884,84
2021-01-26 23,4,57
2021-01-27 02,0,54
2021-01-27 04,0,60
2021-01-27 05,100,68
2021-01-27 06,180,65
2021-01-27 07,30,59
2021-01-27 08,647,79
2021-01-27 10,52,74
2021-01-27 11,171,72
2021-01-27 12,408,91
2021-01-27 13,429,86
2021-01-27 15,807,90
2021-01-27 16,376,94
2021-01-27 19,0,72
2021-01-27 20,93,71
2021-01-27 22,0,57
2021-01-28 02,6,57
2021-01-28 03,0,56
2021-01-28 04,0,55
2021-01-28 06,72,75
2021-01-28 07,1897,104
2021-01-28 08,1145,104
2021-01-28 10,10,78
2021-01-28 12,94,81
2021-01-28 14,213,84
2021-01-28 15,207,81
2021-01-28 19,620,81
2021-01-28 20,712,83
2021-01-28 21,27,70
2021-01-29 00,4,59
2021-01-29 01,6,58
2021-01-29 02,0,56
2021-01-29 03,0,54
2021-01-29 11,2171,95
2021-01-29 14,175,85
2021-01-29 17,476,82
2021-01-29 20,263,70
2021-01-29 21,0,57
2021-01-30 01,0,55
2021-01-30 10,0,64
2021-01-30 11,154,69
2021-01-30 13,726,82
2021-01-30 14,206,78
2021-01-30 15,462,71
2021-01-30 20,168,68
2021-01-30 22,0,58
2021-01-30 23,0,54
2021-01-31 00,7,53
2021-01-31 01,0,52
2021-01-31 06,7,57
2021-01-31 08,88,67
2021-01-31 11,12,67
2021-01-31 13,40,63
2021-01-31 14,0,62
2021-01-31 16,26,65
2021-01-31 20,25,76
2021-01-31 21,27,71
2021-02-01 00,0,53
2021-02-01 02,0,54
2021-02-01 06,92,60
2021-02-01 08,1226,117
2021-02-01 11,1385,90
2021-02-01 12,771,92
2021-02-01 14,14,87
2021-02-01 16,51,83
2021-02-01 19,793,85
2021-02-01 20,669,86
2021-02-01 21,185,77
2021-02-01 23,10,56
2021-02-02 02,0,52
2021-02-02 03,0,53
2021-02-02 12,41,79
2021-02-02 13,738,88
2021-02-02 17,147,81
2021-02-02 20,355,81
2021-02-02 22,0,55
2021-02-03 02,0,54
2021-02-03 04,13,59
2021-02-03 06,16,63
2021-02-03 08,849,98
2021-02-03 09,21,85
2021-02-03 10,24,79
2021-02-03 12,1447,103
2021-02-03 13,1110,91
2021-02-03 17,1171,86
2021-02-03 20,8,66
2021-02-04 02,0,49
2021-02-04 04,4,56
2021-02-04 05,40,57
2021-02-04 06,511,68
2021-02-04 07,1321,96
2021-02-04 10,33,73
2021-02-04 11,17,74
2021-02-04 12,15,72
2021-02-04 13,649,84
2021-02-04 15,30,78
2021-02-04 16,4,73
2021-02-04 18,5,78
2021-02-04 19,1114,82
2021-02-04 22,185,61
2021-02-04 23,0,55
2021-02-05 02,0,53
2021-02-05 04,7,58
2021-02-05 07,1328,102
2021-02-05 09,471,86
2021-02-05 11,1398,79
2021-02-05 13,528,84
2021-02-05 15,492,79
2021-02-05 16,169,74
2021-02-05 18,516,77
2021-02-06 02,0,55
2021-02-06 05,0,52
2021-02-06 06,0,58
2021-02-06 09,129,77
2021-02-06 10,0,71
2021-02-06 12,64,74
2021-02-06 14,8,64
2021-02-06 17,275,78
2021-02-06 18,21,73
2021-02-06 19,219,69
2021-02-06 23,4,56
2021-02-07 00,5,58
2021-02-07 04,0,57
2021-02-07 08,65,72
2021-02-07 10,16,71
2021-02-07 14,163,76
2021-02-07 15,77,82
2021-02-07 16,22,67
2021-02-07 21,16,63
2021-02-07 22,219,65
2021-02-07 23,0,56
2021-02-08 01,20,53
2021-02-08 09,538,84
2021-02-08 11,1435,85
2021-02-08 13,655,84
2021-02-08 14,14,79
2021-02-08 17,16,71
2021-02-08 18,317,78
2021-02-08 23,0,51
2021-02-09 01,0,54
2021-02-09 02,17,56
2021-02-09 04,0,53
2021-02-09 08,472,96
2021-02-09 10,12,75
2021-02-09 11,52,73
2021-02-09 12,8,74
2021-02-09 16,199,85
2021-02-09 21,120,76
2021-02-09 22,166,68
2021-02-10 00,0,54
2021-02-10 01,0,53
2021-02-10 03,15,52
2021-02-10 04,13,58
2021-02-10 05,0,59
2021-02-10 06,143,75
2021-02-10 08,893,100
2021-02-10 11,78,87
2021-02-10 15,478,81
2021-02-10 18,455,85
2021-02-10 20,21,80
2021-02-10 21,51,68
2021-02-10 23,0,61
2021-02-11 00,0,56
2021-02-11 01,0,57
2021-02-11 02,46,59
2021-02-11 03,4,65
2021-02-11 05,26,61
2021-02-11 06,5,60
2021-02-11 07,228,71
2021-02-11 09,227,76
2021-02-11 12,159,77
2021-02-11 13,155,78
2021-02-11 14,0,68
2021-02-11 15,16,70
2021-02-11 16,851,86
2021-02-12 00,0,54
2021-02-12 02,0,51
2021-02-12 03,0,52
2021-02-12 04,14,51
2021-02-12 05,0,54
2021-02-12 06,79,66
2021-02-12 09,1121,93
2021-02-12 10,360,83
2021-02-12 12,434,80
2021-02-12 13,34,83
2021-02-12 14,256,87
2021-02-12 15,829,87
2021-02-12 18,199,77
2021-02-12 19,96,72
2021-02-12 20,110,73
2021-02-12 23,0,55
2021-02-13 06,0,57
2021-02-13 10,1731,90
2021-02-13 11,2188,90
2021-02-13 14,308,91
2021-02-13 15,43,82
2021-02-13 20,777,78
2021-02-13 22,0,56
2021-02-14 01,0,54
2021-02-14 06,78,66
2021-02-14 10,902,97
2021-02-14 11,1228,89
2021-02-14 20,301,84
2021-02-14 22,0,58
2021-02-15 01,0,55
2021-02-15 04,0,55
2021-02-15 05,0,53
2021-02-15 06,92,69
2021-02-15 09,667,92
2021-02-15 10,844,94
2021-02-15 13,2010,105
2021-02-15 17,169,80
2021-02-15 20,361,73
2021-02-15 21,574,80
2021-02-15 23,0,53
2021-02-16 01,0,54
2021-02-16 02,0,57
2021-02-16 05,5,54
2021-02-16 08,1291,110
2021-02-16 09,120,90
2021-02-16 11,65,80
2021-02-16 12,12,78
2021-02-16 14,48,86
2021-02-16 16,523,79
2021-02-16 21,820,90
2021-02-16 22,28,70
2021-02-16 23,0,59
2021-02-17 00,8,56
2021-02-17 02,13,53
2021-02-17 07,1860,103
2021-02-17 12,516,91
2021-02-17 14,454,88
2021-02-17 15,4,82
2021-02-17 17,1722,86
2021-02-17 18,2544,100
2021-02-17 20,343,88
2021-02-17 21,305,94
2021-02-17 22,629,88
2021-02-17 23,8,69
2021-02-18 00,0,66
2021-02-18 02,0,63
2021-02-18 03,18,69
2021-02-18 04,14,71
2021-02-18 05,81,75
2021-02-18 07,389,82
2021-02-18 08,1911,94
2021-02-18 14,1272,90
2021-02-18 15,7,76
2021-02-18 18,110,84
2021-02-18 19,26,81
2021-02-18 21,310,73
2021-02-18 22,15,60
2021-02-18 23,10,61
2021-02-19 03,0,59
2021-02-19 04,9,60
2021-02-19 05,0,58
2021-02-19 07,223,79
2021-02-19 10,419,102
2021-02-19 11,1176,98
2021-02-19 12,663,105
2021-02-19 13,1108,102
2021-02-19 15,252,89
2021-02-19 18,329,76
2021-02-19 22,0,61
2021-02-20 00,0,56
2021-02-20 01,56,61
2021-02-20 07,78,59
2021-02-20 11,181,73
2021-02-21 07,42,57
2021-02-21 08,56,79
2021-02-21 13,84,77
2021-02-21 16,79,75
2021-02-21 17,498,93
2021-02-21 23,12,60
2021-02-22 00,0,57
2021-02-22 03,0,53
2021-02-22 06,512,73
2021-02-22 09,81,90
2021-02-22 10,542,90
2021-02-22 13,1698,97
2021-02-22 14,29,84
2021-02-22 17,38,74
2021-02-22 22,454,75
2021-02-22 23,0,60
2021-02-23 00,0,57
2021-02-23 01,0,55
2021-02-23 03,0,52
2021-02-23 04,0,59
2021-02-23 05,73,63
2021-02-23 08,1267,102
2021-02-23 10,28,80
2021-02-23 11,25,77
2021-02-23 14,161,84
2021-02-23 17,508,84
2021-02-23 20,285,90
2021-02-23 23,0,59
2021-02-24 00,0,55
2021-02-24 02,0,55
2021-02-24 07,702,90
2021-02-24 08,1503,103
2021-02-24 14,365,82
2021-02-24 15,190,78
2021-02-24 19,1601,91
2021-02-24 20,36,82
2021-02-24 21,710,86
2021-02-25 00,0,57
2021-02-25 01,0,56
2021-02-25 05,0,60
2021-02-25 09,20,92
2021-02-25 12,28,76
2021-02-25 20,42,88
2021-02-26 01,0,57
2021-02-26 03,0,60
2021-02-26 06,59,73
2021-02-26 07,1165,96
2021-02-26 08,1850,118
2021-02-26 11,1663,101
2021-02-26 13,2384,101
2021-02-26 14,337,86
2021-02-26 17,2170,94
2021-02-26 19,162,89
2021-02-26 22,483,77
2021-02-26 23,28,62
2021-02-27 00,0,58
2021-02-27 01,23,55
2021-02-27 03,0,53
2021-02-27 04,0,58
2021-02-27 05,0,57
2021-02-27 09,826,88
2021-02-27 16,8,79
2021-02-27 20,30,70
2021-02-28 01,0,54
2021-02-28 03,0,53
2021-02-28 06,175,68
2021-02-28 08,60,66
2021-02-28 12,898,86
2021-02-28 16,822,74
2021-02-28 17,294,86
2021-02-28 21,200,68
2021-02-28 22,0,60
2021-02-28 23,0,53
2021-03-01 02,0,51
2021-03-01 03,7,53
2021-03-01 04,0,57
2021-03-01 06,0,53
2021-03-01 08,93,74
2021-03-01 10,61,71
2021-03-01 11,279,74
2021-03-01 12,193,76
2021-03-01 14,860,92
2021-03-01 16,7,72
2021-03-01 18,1484,85
2021-03-01 19,28,77
2021-03-01 20,0,70
2021-03-01 21,765,72
2021-03-01 22,36,57
2021-03-02 00,0,52
2021-03-02 01,0,52
2021-03-02 04,0,52
2021-03-02 06,29,57
2021-03-02 10,15,73
2021-03-02 12,48,74
2021-03-02 13,623,85
2021-03-02 14,27,77
2021-03-02 15,360,77
2021-03-02 17,1554,81
2021-03-02 21,650,74
2021-03-02 23,0,54
2021-03-04 00,12,54
2021-03-04 01,5,57
2021-03-04 05,0,55
2021-03-04 06,87,59
2021-03-04 09,773,84
2021-03-04 16,564,76
2021-03-04 17,592,81
2021-03-04 18,1167,87
2021-03-04 19,299,77
2021-03-04 20,489,84
2021-03-04 21,731,82
2021-03-04 23,0,53
2021-03-05 01,0,54
2021-03-05 03,18,57
2021-03-05 04,34,63
2021-03-05 06,208,77
2021-03-05 10,732,99
2021-03-05 11,1637,92
2021-03-05 12,1359,99
2021-03-05 13,1385,96
2021-03-05 14,37,88
2021-03-05 15,1201,90
2021-03-05 18,250,90
2021-03-05 19,6,103
2021-03-06 02,16,63
2021-03-06 12,292,75
2021-03-06 15,78,73
2021-03-07 00,0,60
2021-03-07 05,48,60
2021-03-07 08,46,69
2021-03-07 10,490,77
2021-03-07 11,89,75
2021-03-07 21,41,61
2021-03-07 23,6,56
2021-03-14 05,0,56
2021-03-14 09,68,82
2021-03-14 13,2253,90
2021-03-14 15,2263,92
2021-03-15 02,19,52
2021-03-15 05,0,52
2021-03-15 06,55,58
2021-03-15 09,495,80
2021-03-15 12,684,93
2021-03-15 16,43,74
2021-03-15 18,44,75
2021-03-15 19,1163,85
2021-03-15 21,532,72
2021-03-15 22,93,60
2021-03-16 00,0,52
2021-03-16 04,18,54
2021-03-16 06,0,58
2021-03-16 09,34,72
2021-03-16 10,40,68
2021-03-16 11,58,69
2021-03-16 14,175,80
2021-03-16 18,17,77
2021-03-16 20,39,73
2021-03-16 21,856,76
2021-03-17 00,0,51
2021-03-17 04,0,51
2021-03-17 05,0,50
2021-03-17 06,222,65
2021-03-17 07,1686,98
2021-03-17 08,1156,94
2021-03-17 09,15,79
2021-03-17 10,20,79
2021-03-17 14,159,81
2021-03-17 17,540,80
2021-03-17 18,232,77
2021-03-17 19,547,83
2021-03-17 23,0,52
2021-03-18 05,0,55
2021-03-18 06,194,67
2021-03-18 11,39,66
2021-03-18 12,15,66
2021-03-18 13,644,85
2021-03-18 14,30,75
2021-03-18 15,7,72
2021-03-18 16,26,69
2021-03-18 20,636,80
2021-03-18 23,0,53
2021-03-19 01,7,49
2021-03-19 02,14,52
2021-03-19 04,0,53
2021-03-19 07,280,76
2021-03-19 08,1169,96
2021-03-19 09,297,88
2021-03-19 10,34,77
2021-03-19 12,210,78
2021-03-19 13,278,89
2021-03-19 14,117,88
2021-03-19 15,225,82
2021-03-19 16,44,81
2021-03-19 17,599,80
2021-03-19 18,1884,87
2021-03-19 19,40,81
2021-03-19 20,38,72
2021-03-19 21,0,63
2021-03-19 22,22,59
2021-03-19 23,0,57
2021-03-20 02,58,58
2021-03-20 08,8,68
2021-03-20 09,32,75
2021-03-20 13,160,69
2021-03-20 14,281,74
2021-03-20 15,940,80
2021-03-20 17,412,83
2021-03-20 18,859,82
2021-03-20 20,123,69
2021-03-20 22,649,72
2021-03-21 02,17,56
2021-03-21 03,0,54
2021-03-21 10,35,69
2021-03-21 13,52,63
2021-03-21 15,48,72
2021-03-21 16,12,71
2021-03-21 18,126,70
2021-03-21 21,37,60
2021-03-21 22,0,55
2021-03-21 23,0,54
2021-03-06 18,76,92
2021-03-06 20,28,87
2021-03-08 01,0,52
2021-03-08 02,28,51
2021-03-08 03,0,50
2021-03-08 04,33,60
2021-03-08 06,139,72
2021-03-08 07,2171,101
2021-03-08 08,279,97
2021-03-08 09,417,89
2021-03-08 10,529,90
2021-03-08 12,1238,90
2021-03-08 17,32,74
2021-03-08 18,398,81
2021-03-09 00,17,52
2021-03-09 01,9,53
2021-03-09 02,7,52
2021-03-09 03,0,57
2021-03-09 05,0,56
2021-03-09 10,32,68
2021-03-09 11,28,68
2021-03-09 12,34,68
2021-03-09 14,258,75
2021-03-09 18,318,83
2021-03-09 21,334,78
2021-03-09 22,355,67
2021-03-09 23,0,57
2021-03-10 01,0,52
2021-03-10 05,0,56
2021-03-10 06,77,70
2021-03-10 07,2407,93
2021-03-10 08,1180,95
2021-03-10 10,19,72
2021-03-10 13,1125,86
2021-03-11 06,490,81
2021-03-11 07,37,67
2021-03-11 11,58,72
2021-03-11 16,597,79
2021-03-11 21,686,70
2021-03-11 22,62,63
2021-03-11 23,0,54
2021-03-12 00,0,53
2021-03-12 01,0,52
2021-03-12 02,0,53
2021-03-12 03,0,56
2021-03-12 04,0,54
2021-03-12 05,5,56
2021-03-12 07,0,82
2021-03-12 09,354,87
2021-03-12 10,472,84
2021-03-12 11,2145,88
2021-03-12 12,230,91
2021-03-12 13,1082,87
2021-03-12 14,1592,96
2021-03-12 15,395,95
2021-03-12 16,0,78
2021-03-12 17,425,82
2021-03-13 07,120,71
2021-03-13 11,0,66
2021-03-13 14,43,74
2021-03-13 17,19,69
2021-03-13 21,127,67
2021-03-22 02,0,49
2021-03-22 04,0,52
2021-03-22 05,18,55
2021-03-22 07,1541,96
2021-03-22 11,536,75
2021-03-22 15,17,81
2021-03-22 19,31,84
2021-03-22 20,1267,89
2021-03-22 22,63,74
2021-03-22 23,56,66
2021-03-23 01,7,54
2021-03-23 03,0,52
2021-03-23 06,220,66
2021-03-23 07,1180,88
2021-03-23 11,83,71
2021-03-23 14,5,74
2021-03-23 16,1185,80
2021-03-23 18,1297,87
2021-03-23 19,95,74
2021-03-23 21,322,75
2021-03-23 22,535,74
2021-03-24 00,0,52
2021-03-24 04,0,51
2021-03-24 07,331,84
2021-03-24 08,853,90
2021-03-24 09,286,81
2021-03-24 13,699,86
2021-03-24 15,326,77
2021-03-24 16,573,77
2021-03-24 17,527,77
2021-03-24 18,140,80
2021-03-24 21,531,75
2021-03-25 00,6,54
2021-03-25 01,0,54
2021-03-25 06,1828,102
2021-03-25 11,55,72
2021-03-25 12,32,72
2021-03-25 13,575,85
2021-03-25 17,562,76
2021-03-25 18,608,82
2021-03-25 20,0,65
2021-03-25 23,11,56
2021-03-26 00,0,54
2021-03-26 01,0,52
2021-03-26 02,0,57
2021-03-26 03,172,57
2021-03-26 06,13,65
2021-03-26 09,386,81
2021-03-26 12,1000,93
2021-03-26 16,534,82
2021-03-26 18,1459,84
2021-03-26 19,327,86
2021-03-27 04,0,54
2021-03-27 08,1104,90
2021-03-27 17,144,80
2021-03-27 19,0,77
2021-03-27 23,8,61
2021-03-28 06,0,55
2021-03-28 09,73,73
2021-03-28 10,342,89
2021-03-28 14,824,87
2021-03-28 16,74,82
2021-03-28 17,60,80
2021-03-28 18,494,82
2021-03-28 23,73,67
2021-03-29 00,0,61
2021-03-29 02,0,55
2021-03-29 04,13,53
2021-03-29 05,106,71
2021-03-29 06,303,71
2021-03-29 07,1514,107
2021-03-29 09,369,80
2021-03-29 11,6,72
2021-03-29 14,56,83
2021-03-29 16,31,76
2021-03-29 18,26,72
2021-03-29 19,84,70
2021-03-29 20,839,76
2021-03-29 22,55,58
2021-03-29 23,0,55
2021-03-30 00,0,54
2021-03-30 03,0,57
2021-03-30 07,1136,90
2021-03-30 08,725,95
2021-03-30 09,249,79
2021-03-30 11,66,72
2021-03-30 13,892,83
2021-03-30 14,18,79
2021-03-30 15,799,80
2021-03-30 16,423,72
2021-03-30 17,381,70
2021-03-30 18,662,79
2021-03-30 19,354,85
2021-03-30 20,0,78
2021-03-30 21,435,79
2021-03-30 22,464,77
2021-03-31 00,0,57
2021-03-31 01,0,55
2021-03-31 02,0,54
2021-03-31 06,50,62
2021-03-31 07,486,79
2021-03-31 09,15,77
2021-03-31 10,25,72
2021-03-31 15,523,83
2021-03-31 16,0,72
2021-03-31 17,13,73
2021-03-31 18,18,83
2021-03-31 22,674,85
2021-04-01 00,0,63
2021-04-01 01,0,60
2021-04-01 02,0,56
2021-04-01 03,7,56
2021-04-01 04,0,54
2021-04-01 05,0,56
2021-04-01 07,597,100
2021-04-01 08,756,88
2021-04-01 09,25,77
2021-04-01 10,41,75
2021-04-01 11,37,75
2021-04-01 14,161,85
2021-04-01 18,1929,99
2021-04-01 20,2175,106
2021-04-01 21,1141,96
2021-04-01 23,0,71
2021-04-02 00,272,74
2021-04-02 01,86,72
2021-04-02 03,0,61
2021-04-02 08,967,98
2021-04-02 10,371,76
2021-04-02 11,1612,78
2021-04-02 13,1189,81
2021-04-02 16,264,71
2021-04-02 17,377,77
2021-04-02 18,250,77
2021-04-02 22,0,56
2021-04-02 23,0,55
2021-04-03 03,7,48
2021-04-03 05,6,52
2021-04-03 07,85,68
2021-04-03 14,278,72
2021-04-03 22,10,70
2021-04-03 23,0,59
2021-04-04 03,5,51
2021-04-04 04,0,52
2021-04-04 06,251,69
2021-04-04 09,2145,93
2021-04-04 10,2772,99
2021-04-04 13,262,83
2021-04-04 14,526,84
2021-04-04 17,1783,81
2021-04-04 19,0,67
2021-04-04 20,0,64
2021-04-04 22,130,67
2021-04-05 00,0,55
2021-04-05 01,0,53
2021-04-05 02,0,51
2021-04-05 03,137,57
2021-04-05 05,11,51
2021-04-05 07,1410,107
2021-04-05 10,441,72
2021-04-05 12,1555,91
2021-04-05 14,25,72
2021-04-05 17,200,70
2021-04-05 19,409,73
2021-04-05 20,58,68
2021-04-05 21,27,68
2021-04-05 23,0,53
2021-04-06 01,0,50
2021-04-06 03,7,47
2021-04-06 06,179,62
2021-04-06 11,32,67
2021-04-06 12,12,66
2021-04-06 14,15,72
2021-04-06 17,0,63
2021-04-06 19,157,76
2021-04-06 21,31,72
2021-04-07 00,1,53
2021-04-07 04,0,52
2021-04-07 06,279,69
2021-04-07 07,2648,93
2021-04-07 08,1363,83
2021-04-07 11,4,68
2021-04-07 12,659,71
2021-04-07 13,99,75
2021-04-07 14,257,76
2021-04-07 15,33,70
2021-04-07 17,515,71
2021-04-07 21,515,75
2021-04-07 23,8,58
2021-04-08 00,0,56
2021-04-08 03,29,57
2021-04-08 06,471,75
2021-04-08 08,727,84
2021-04-08 12,121,71
2021-04-08 13,332,72
2021-04-08 14,113,72
2021-04-08 17,6,66
2021-04-09 00,0,55
2021-04-09 01,0,53
2021-04-09 02,23,56
2021-04-09 11,1273,75
2021-04-09 14,218,71
2021-04-09 15,239,71
2021-04-09 17,632,73
2021-04-09 18,1108,75
2021-04-09 20,0,69
2021-04-09 21,896,75
2021-04-10 07,549,74
2021-04-10 10,160,80
2021-04-10 12,7,69
2021-04-10 16,37,61
2021-04-10 18,400,71
2021-04-10 20,68,72
2021-04-11 04,0,49
2021-04-11 08,21,65
2021-04-11 09,37,72
2021-04-11 11,89,71
2021-04-11 12,67,76
2021-04-11 20,63,64
2021-04-11 21,18,59
2021-04-12 08,397,88
2021-04-12 09,559,83
2021-04-12 10,407,79
2021-04-12 11,527,77
2021-04-12 16,12,69
2021-04-12 17,257,74
2021-04-12 18,219,77
2021-04-12 19,35,71
2021-04-12 21,564,75
2021-04-12 22,183,65
2021-04-13 02,0,50
2021-04-13 03,0,49
2021-04-13 05,0,53
2021-04-13 06,85,62
2021-04-13 09,21,79
2021-04-13 10,16,77
2021-04-13 12,471,73
2021-04-13 14,120,80
2021-04-13 16,565,76
2021-04-13 19,535,76
2021-04-13 23,0,53
2021-04-14 00,48,53
2021-04-14 02,0,50
2021-04-14 03,0,50
2021-04-14 04,0,51
2021-04-14 05,0,54
2021-04-14 06,69,62
2021-04-14 07,223,77
2021-04-14 12,724,88
2021-04-14 17,1663,86
2021-04-14 19,74,86
2021-04-14 20,350,86
2021-04-14 21,43,82
2021-04-14 23,0,68
2021-04-15 00,0,63
2021-04-15 02,0,65
2021-04-15 03,7,63
2021-04-15 05,0,58
2021-04-15 07,819,87
2021-04-15 12,35,72
2021-04-15 13,451,84
2021-04-15 20,560,75
2021-04-15 21,349,78
2021-04-15 23,0,60
2021-04-16 00,0,58
2021-04-16 03,6,54
2021-04-16 04,16,54
2021-04-16 05,0,55
2021-04-16 08,2875,96
2021-04-16 12,565,85
2021-04-16 13,308,80
2021-04-16 15,259,78
2021-04-16 17,477,83
2021-04-16 21,248,72
2021-04-16 23,127,74
2021-04-17 00,0,59
2021-04-17 04,4,54
2021-04-17 06,254,66
2021-04-17 07,80,69
2021-04-17 12,405,84
2021-04-17 14,237,82
2021-04-17 16,1534,85
2021-04-17 18,116,79
2021-04-17 19,88,89
2021-04-17 22,4,72
2021-04-17 23,0,68
2021-04-18 01,36,73
2021-04-18 02,55,68
2021-04-18 07,437,93
2021-04-18 09,740,85
2021-04-18 10,1126,87
2021-04-18 16,85,70
2021-04-18 21,121,68
2021-04-19 00,0,54
2021-04-19 01,0,52
2021-04-19 04,0,52
2021-04-19 05,0,57
2021-04-19 06,209,72
2021-04-19 09,12,76
2021-04-19 11,166,74
2021-04-19 12,766,85
2021-04-19 13,510,76
2021-04-19 15,9,69
2021-04-19 16,6,69
2021-04-19 17,7,68
2021-04-19 19,434,76
2021-04-19 20,13,71
2021-04-19 21,36,68
2021-04-19 23,141,61
2021-04-20 00,0,53
2021-04-20 02,7,53
2021-04-20 03,0,51
2021-04-20 05,0,55
2021-04-20 07,1736,99
2021-04-20 08,1485,92
2021-04-20 09,41,77
2021-04-20 10,61,72
2021-04-20 15,540,80
2021-04-20 17,871,76
2021-04-20 18,79,78
2021-04-20 23,11,55
2021-04-21 01,7,53
2021-04-21 02,0,50
2021-04-21 03,0,52
2021-04-21 04,0,52
2021-04-21 06,310,72
2021-04-21 07,2562,115
2021-04-21 08,1452,102
2021-04-21 09,15,86
2021-04-21 10,13,81
2021-04-21 11,6,76
2021-04-21 15,133,82
2021-04-21 16,360,82
2021-04-21 17,2999,89
2021-04-21 21,69,83
2021-04-21 22,90,68
2021-04-21 23,0,64
2021-04-22 00,0,63
2021-04-22 01,0,62
2021-04-22 04,72,62
2021-04-22 06,518,78
2021-04-22 13,519,80
2021-04-22 14,31,84
2021-04-22 15,25,95
2021-04-22 16,12,84
2021-04-22 18,391,90
2021-04-22 19,91,83
2021-04-22 20,378,83
2021-04-23 03,0,54
2021-04-23 06,54,66
2021-04-23 10,846,85
2021-04-23 11,41,77
2021-04-23 12,614,84
2021-04-23 14,473,78
2021-04-23 16,97,72
2021-04-23 18,2857,92
2021-04-23 19,64,88
2021-04-23 22,0,68
2021-04-24 01,0,58
2021-04-24 04,0,54
2021-04-24 05,11,55
2021-04-24 07,64,68
2021-04-24 10,134,77
2021-04-24 14,14,71
2021-04-24 21,268,74
2021-04-24 23,121,64
2021-04-25 00,0,55
2021-04-25 04,7,52
2021-04-25 08,2694,91
2021-04-25 09,2070,91
2021-04-25 12,2414,99
2021-04-25 22,0,60
2021-04-25 23,0,57
2021-04-26 01,0,52
2021-04-26 02,7,52
2021-04-26 07,841,94
2021-04-26 08,774,92
2021-04-26 12,714,90
2021-04-26 19,20,75
2021-04-26 20,2564,89
2021-04-26 22,48,61
2021-04-26 23,0,53
2021-04-27 00,0,52
2021-04-27 02,0,51
2021-04-27 03,4,50
2021-04-27 04,0,53
2021-04-27 06,263,84
2021-04-27 07,2684,109
2021-04-27 08,1238,101
2021-04-27 09,65,83
2021-04-27 10,30,76
2021-04-27 11,34,72
2021-04-27 12,708,81
2021-04-27 13,574,88
2021-04-27 14,410,85
2021-04-27 16,461,93
2021-04-27 17,4,75
2021-04-27 18,1292,85
2021-04-27 19,950,91
2021-04-27 20,344,84
2021-04-28 02,11,57
2021-04-28 04,12,53
2021-04-28 06,244,77
2021-04-28 07,2310,102
2021-04-28 08,1523,85
2021-04-28 10,16,69
2021-04-28 12,17,71
2021-04-28 18,17,79
2021-04-29 01,0,56
2021-04-29 02,21,55
2021-04-29 03,0,53
2021-04-29 04,0,52
2021-04-29 05,0,53
2021-04-29 08,386,82
2021-04-29 09,35,72
2021-04-29 10,15,72
2021-04-29 11,17,69
2021-04-29 12,7,68
2021-04-29 15,117,80
2021-04-29 17,144,76
2021-04-29 19,143,93
2021-04-29 23,9,106
2021-04-30 00,479,96
2021-04-30 01,8,79
2021-04-30 05,0,76
2021-04-30 06,162,80
2021-04-30 08,1882,102
2021-04-30 09,2163,103
2021-04-30 13,0,80
2021-04-30 14,44,79
2021-04-30 16,1620,92
2021-04-30 17,2379,96
2021-04-30 18,55,78
2021-04-30 19,8,76
2021-04-30 23,556,71
2021-05-01 00,565,65
2021-05-01 02,0,52
2021-05-01 05,0,55
2021-05-01 07,136,65
2021-05-01 08,866,92
2021-05-01 09,336,96
2021-05-01 10,596,89
2021-05-01 13,1431,82
2021-05-01 15,44,75
2021-05-01 20,0,63
2021-05-01 22,4,59
2021-05-02 00,0,52
2021-05-02 01,0,51
2021-05-02 03,6,48
2021-05-02 07,33,68
2021-05-02 12,0,68
2021-05-02 17,43,71
2021-05-02 20,170,68
2021-05-03 04,0,50
2021-05-03 05,0,51
2021-05-03 06,75,68
2021-05-03 07,1726,119
2021-05-03 23,0,55
2021-05-04 00,11,52
2021-05-04 03,0,51
2021-05-04 05,7,51
2021-05-04 10,22,70
2021-05-04 11,21,69
2021-05-04 12,0,72
2021-05-04 13,1280,80
2021-05-04 14,564,83
2021-05-04 16,330,67
2021-05-04 17,12,69
2021-05-04 18,655,79
2021-05-04 22,0,62
2021-05-04 23,4,57
2021-05-05 01,0,56
2021-05-05 02,0,54
2021-05-05 03,39,58
2021-05-05 04,0,54
2021-05-05 05,0,52
2021-05-05 07,57,69
2021-05-05 08,19,62
2021-05-05 16,0,67
2021-05-05 18,54,75
2021-05-05 22,0,57
2021-05-05 23,0,120
2021-05-06 02,0,56
2021-05-06 05,0,56
2021-05-06 07,450,88
2021-05-06 08,981,94
2021-05-06 10,12,76
2021-05-06 13,308,79
2021-05-06 14,275,81
2021-05-06 17,877,90
2021-05-06 19,375,83
2021-05-06 23,0,56
2021-05-07 00,11,54
2021-05-07 01,0,56
2021-05-07 04,0,60
2021-05-07 06,45,73
2021-05-07 08,459,94
2021-05-07 09,301,91
2021-05-07 10,382,88
2021-05-07 11,793,87
2021-05-07 13,526,89
2021-05-07 18,338,81
2021-05-07 21,44,63
2021-05-08 00,0,55
2021-05-08 12,603,79
2021-05-08 13,541,74
2021-05-08 14,785,87
2021-05-08 15,90,77
2021-05-08 22,0,56
2021-05-08 23,31,59
2021-05-09 01,10,57
2021-05-09 02,9,52
2021-05-09 04,0,51
2021-05-09 06,43,61
2021-05-09 07,268,76
2021-05-09 17,501,97
2021-05-09 18,360,93
2021-05-09 19,0,81
2021-05-09 21,46,76
2021-05-09 23,0,60
2021-05-10 00,0,57
2021-05-10 01,0,56
2021-05-10 02,0,55
2021-05-10 03,0,53
2021-05-10 07,563,89
2021-05-10 08,526,88
2021-05-10 11,702,83
2021-05-10 12,610,80
2021-05-10 14,8,71
2021-05-10 19,372,73
2021-05-11 01,17,55
2021-05-11 02,8,53
2021-05-11 03,0,57
2021-05-11 05,19,58
2021-05-11 07,309,91
2021-05-11 09,13,82
2021-05-11 10,19,78
2021-05-11 14,1237,86
2021-05-11 17,934,81
2021-05-11 18,183,83
2021-05-12 03,0,57
2021-05-12 04,0,57
2021-05-12 07,1364,94
2021-05-12 09,35,77
2021-05-12 10,30,71
2021-05-12 11,6,70
2021-05-12 13,98,84
2021-05-12 16,593,81
2021-05-12 18,126,76
2021-05-12 19,25,76
2021-05-12 20,71,71
2021-05-12 22,732,72
2021-05-12 23,13,57
2021-05-13 01,0,55
2021-05-13 03,0,54
2021-05-13 04,0,55
2021-05-13 05,7,61
2021-05-13 08,540,86
2021-05-13 10,10,72
2021-05-13 12,14,71
2021-05-13 14,29,74
2021-05-13 16,368,83
2021-05-13 17,575,85
2021-05-13 18,430,85
2021-05-13 19,1162,86
2021-05-13 21,735,76
2021-05-13 23,0,56
2021-05-14 00,15,55
2021-05-14 01,0,58
2021-05-14 02,4,54
2021-05-14 04,0,52
2021-05-14 05,38,56
2021-05-14 06,96,75
2021-05-14 07,1806,96
2021-05-14 13,665,81
2021-05-14 14,176,80
2021-05-14 15,395,76
2021-05-14 16,38,69
2021-05-14 21,73,87
2021-05-15 00,6,70
2021-05-15 01,0,69
2021-05-15 16,679,83
2021-05-15 19,2897,112
2021-05-15 20,222,94
2021-05-15 21,44,85
2021-05-16 06,0,55
2021-05-16 09,92,80
2021-05-16 11,56,66
2021-05-16 12,525,80
2021-05-16 14,0,66
2021-05-16 16,66,75
2021-05-16 17,49,70
2021-05-16 18,0,70
2021-05-16 22,14,56
2021-05-16 23,0,55
2021-05-17 01,0,51
2021-05-17 03,0,50
2021-05-17 05,54,59
2021-05-17 08,852,90
2021-05-17 12,507,83
2021-05-17 14,16,78
2021-05-17 15,30,74
2021-05-17 17,329,76
2021-05-17 18,0,73
2021-05-17 21,16,72
2021-05-17 22,815,76
2021-05-18 00,18,56
2021-05-18 01,0,53
2021-05-18 02,7,53
2021-05-18 04,10,56
2021-05-18 06,256,71
2021-05-18 08,1396,102
2021-05-18 09,317,81
2021-05-18 10,39,73
2021-05-18 15,102,82
2021-05-18 17,305,76
2021-05-18 18,409,79
2021-05-18 20,554,86
2021-05-18 22,6,62
2021-05-18 23,6,60
2021-05-19 00,0,58
2021-05-19 01,0,55
2021-05-19 02,10,52
2021-05-19 05,26,57
2021-05-19 07,29,66
2021-05-19 09,12,73
2021-05-19 11,33,69
2021-05-19 12,153,79
2021-05-19 13,57,76
2021-05-19 15,4,68
2021-05-19 16,42,77
2021-05-19 17,6,79
2021-05-19 19,91,72
2021-05-19 20,0,67
2021-05-19 21,58,66
2021-05-20 00,0,56
2021-05-20 01,0,53
2021-05-20 02,0,54
2021-05-20 03,0,54
2021-05-20 05,80,59
2021-05-20 07,584,103
2021-05-20 09,16,85
2021-05-20 10,23,81
2021-05-20 11,16,81
2021-05-20 12,13,79
2021-05-20 15,96,82
2021-05-20 17,381,83
2021-05-20 19,58,77
2021-05-20 20,125,79
2021-05-20 23,39,72
2021-05-21 00,0,62
2021-05-21 01,0,59
2021-05-21 02,0,58
2021-05-21 03,0,56
2021-05-21 04,7,56
2021-05-21 05,210,61
2021-05-21 06,140,73
2021-05-21 09,288,95
2021-05-21 11,215,86
2021-05-21 12,842,96
2021-05-21 13,64,93
2021-05-21 16,691,84
2021-05-21 18,1676,98
2021-05-21 19,0,84
2021-05-21 21,692,81
2021-05-21 22,0,63
2021-05-22 01,0,58
2021-05-22 02,0,61
2021-05-22 07,107,96
2021-05-22 08,254,90
2021-05-22 10,59,75
2021-05-22 12,117,74
2021-05-22 15,82,69
2021-05-23 00,0,58
2021-05-23 07,0,62
2021-05-23 09,0,63
2021-05-23 10,504,72
2021-05-23 11,44,69
2021-05-23 13,77,77
2021-05-23 14,96,72
2021-05-23 15,9,67
2021-05-23 18,6,62
2021-05-23 19,180,63
2021-05-23 20,169,72
2021-05-23 22,0,56
2021-05-24 06,141,76
2021-05-24 11,1144,83
2021-05-24 17,95,77
2021-05-24 20,63,79
2021-05-24 22,10,62
2021-05-24 23,0,60
2021-05-25 02,56,59
2021-05-25 03,12,54
2021-05-25 06,70,81
2021-05-25 07,2500,70
2021-05-25 10,23,78
2021-05-25 11,21,78
2021-05-25 13,667,93
2021-05-25 15,585,87
2021-05-25 17,347,79
2021-05-25 18,488,81
2021-05-25 20,6,67
2021-05-25 21,0,62
2021-05-25 23,0,59
2021-05-26 01,0,62
2021-05-26 02,0,58
2021-05-26 03,0,58
2021-05-26 04,42,57
2021-05-26 05,24,55
2021-05-26 06,207,73
2021-05-26 08,1139,92
2021-05-26 11,11,73
2021-05-26 14,198,89
2021-05-26 16,1403,90
2021-05-26 17,487,82
2021-05-26 19,11,83
2021-05-26 23,0,57
2021-05-27 02,25,58
2021-05-27 03,0,55
2021-05-27 04,0,56
2021-05-27 05,23,58
2021-05-27 06,693,90
2021-05-27 07,508,100
2021-05-27 10,37,86
2021-05-27 11,31,82
2021-05-27 12,5,80
2021-05-27 17,150,83
2021-05-27 18,292,81
2021-05-27 20,0,72
2021-05-27 22,4,67
2021-05-28 00,18,63
2021-05-28 03,0,55
2021-05-28 04,4,56
2021-05-28 09,296,89
2021-05-28 10,294,91
2021-05-28 11,533,85
2021-05-28 14,1282,99
2021-05-28 15,1396,99
2021-05-28 17,1582,92
2021-05-28 19,773,85
2021-05-28 20,320,86
2021-05-28 23,15,59
2021-05-29 01,11,55
2021-05-29 03,0,54
2021-05-29 05,8,57
2021-05-29 08,224,85
2021-05-29 09,468,79
2021-05-29 14,1632,96
2021-05-29 17,2399,94
2021-05-30 05,0,57
2021-05-30 13,0,62
2021-05-30 14,0,59
2021-05-30 15,104,81
2021-05-30 17,40,84
2021-05-30 22,0,59
2021-05-31 01,0,54
2021-05-31 02,0,55
2021-05-31 08,628,114
2021-05-31 09,679,99
2021-05-31 10,1218,98
2021-05-31 11,60,85
2021-05-31 12,901,96
2021-05-31 13,701,91
2021-05-31 14,31,85
2021-05-31 15,9,81
2021-05-31 19,321,85
2021-05-31 20,295,80
2021-05-31 21,579,85
2021-05-31 22,431,81
2021-05-31 23,596,90
2021-06-01 01,9,65
2021-06-01 06,134,74
2021-06-01 08,1185,97
2021-06-01 09,198,83
2021-06-01 11,7,75
2021-06-01 14,368,86
2021-06-01 15,10,81
2021-06-01 22,497,103
2021-06-02 01,4,73
2021-06-02 03,0,66
2021-06-02 05,245,82
2021-06-02 06,110,88
2021-06-02 07,1187,101
2021-06-02 08,1349,107
2021-06-02 11,30,86
2021-06-02 14,90,91
2021-06-02 15,84,85
2021-06-02 16,754,88
2021-06-02 18,2387,98
2021-06-02 20,48,92
2021-06-02 21,38,89
2021-06-02 23,8,72
2021-06-03 00,0,69
2021-06-03 04,0,63
2021-06-03 05,78,72
2021-06-03 06,81,87
2021-06-03 07,324,96
2021-06-03 08,805,90
2021-06-03 09,14,84
2021-06-03 10,11,82
2021-06-03 13,455,84
2021-06-03 14,808,113
2021-06-03 15,396,99
2021-06-03 16,285,91
2021-06-03 17,973,91
2021-06-04 00,0,64
2021-06-04 02,0,60
2021-06-04 03,0,61
2021-06-04 05,87,64
2021-06-04 10,789,86
2021-06-04 11,1415,86
2021-06-04 12,202,90
2021-06-04 13,775,89
2021-06-04 14,548,84
2021-06-04 17,86,77
2021-06-04 21,789,86
2021-06-04 22,79,74
2021-06-05 01,10,56
2021-06-05 04,0,59
2021-06-05 07,94,91
2021-06-05 13,196,92
2021-06-05 14,309,84
2021-06-05 15,40,72
2021-06-05 16,23,71
2021-06-05 17,142,74
2021-06-05 18,4,72
2021-06-05 19,24,70
2021-06-05 20,0,63
2021-06-05 22,0,56
2021-06-06 02,0,53
2021-06-06 10,238,80
2021-06-06 12,77,82
2021-06-06 14,104,79
2021-06-06 15,105,78
2021-06-06 16,76,89
2021-06-06 19,15,71
2021-06-06 21,11,65
2021-06-06 23,8,61
2021-06-07 00,0,59
2021-06-07 03,0,60
2021-06-07 06,369,82
2021-06-07 07,1375,110
2021-06-07 08,453,101
2021-06-07 12,377,96
2021-06-07 14,17,86
2021-06-07 22,122,66
2021-06-08 00,0,55
2021-06-08 01,8,55
2021-06-08 02,0,54
2021-06-08 03,0,57
2021-06-08 04,0,56
2021-06-08 05,147,69
2021-06-08 08,858,99
2021-06-08 09,224,90
2021-06-08 11,4,79
2021-06-08 13,407,91
2021-06-08 14,49,84
2021-06-08 15,138,82
2021-06-08 16,89,83
2021-06-08 18,559,81
2021-06-08 20,9,86
2021-06-08 22,0,69
2021-06-09 00,0,61
2021-06-09 01,0,62
2021-06-09 03,0,59
2021-06-09 06,184,87
2021-06-09 20,1545,97
2021-06-09 21,99,78
2021-06-09 22,58,76
2021-06-10 00,5,70
2021-06-10 01,24,72
2021-06-10 05,165,65
2021-06-10 14,31,87
2021-06-10 15,309,88
2021-06-10 16,0,82
2021-06-10 19,686,94
2021-06-10 22,0,64
2021-06-11 00,67,68
2021-06-11 01,0,60
2021-06-11 02,0,59
2021-06-11 04,0,57
2021-06-11 05,56,60
2021-06-11 08,601,104
2021-06-11 10,506,91
2021-06-11 12,426,98
2021-06-11 13,37,90
2021-06-11 22,0,67
2021-06-12 01,0,64
2021-06-12 06,160,66
2021-06-12 16,45,80
2021-06-13 01,0,62
2021-06-13 05,7,61
2021-06-13 10,31,84
2021-06-13 11,95,95
2021-06-13 13,2231,108
2021-06-13 14,1377,102
2021-06-13 15,2316,104
2021-06-13 17,2264,110
2021-06-13 20,272,86
2021-06-13 22,0,73
2021-06-13 23,38,69
2021-06-14 02,0,60
2021-06-14 04,0,56
2021-06-14 05,29,59
2021-06-14 06,118,70
2021-06-14 08,826,91
2021-06-14 10,643,78
2021-06-14 12,254,83
2021-06-14 13,1568,94
2021-06-14 22,67,71
2021-06-14 23,16,65
2021-06-15 00,0,62
2021-06-15 03,8,59
2021-06-15 05,17,61
2021-06-15 08,1612,98
2021-06-15 11,13,74
2021-06-15 12,49,73
2021-06-15 16,0,80
2021-06-15 19,1511,100
2021-06-15 23,0,64
2021-06-16 00,0,60
2021-06-16 03,16,54
2021-06-16 05,12,58
2021-06-16 09,0,87
2021-06-16 12,1191,86
2021-06-16 13,986,102
2021-06-16 16,460,87
2021-06-16 17,852,87
2021-06-16 18,42,91
2021-06-16 21,645,98
2021-06-16 22,61,83
2021-06-16 23,0,72
2021-06-17 00,14,71
2021-06-17 05,38,57
2021-06-17 07,592,89
2021-06-17 11,30,76
2021-06-17 12,45,77
2021-06-17 15,26,80
2021-06-17 17,1251,85
2021-06-17 19,736,80
2021-06-17 21,456,89
2021-06-17 23,0,64
2021-06-18 01,0,60
2021-06-18 02,8,58
2021-06-18 11,1694,84
2021-06-18 12,2261,101
2021-06-18 13,627,89
2021-06-18 16,130,82
2021-06-18 17,45,82
2021-06-18 19,560,84
2021-06-18 20,104,85
2021-06-18 21,16,81
2021-06-18 22,39,66
2021-06-18 23,0,60
