steps,bpm,state
47,70.81818,2
0,70.87272,2
0,66.45455,1
10,67.2,2
6,64.89395,2
0,66.18182,1
230,71.51516667,2
0,66.36362,1
0,61.21213333,1
0,64.3091,1
74,72.85454,2
1509,90.71208333,2
3629,110.5086,3
30,85.0909,2
346,82.61818,2
0,75.1818,2
185,74.85454,2
187,84.4394,2
34,77.36364,2
46,82.98483333,2
104,81.54546,2
52,72.98483333,2
0,73.75454,2
8,74.19695,2
0,71.69092,2
0,72.06061667,2
0,68.92726,1
0,69.2879,1
0,69.98184,1
0,69.07576667,1
0,69.16364,1
9,70.80303333,2
116,76.96364,2
54,74.78182,2
107,79.51515,2
6,72.14546,2
28,70.48486667,2
412,75,2
623,78.45455,2
17,71.19998,2
6,71.07576667,2
14,68.92728,2
340,80.39518333,2
21,73.14546,2
13,68.03636,2
38,66.08585,2
13,67.72546,2
0,66.7424,1
0,65.30908,1
0,70.16665,2
0,63.34544,1
0,64.40908333,1
0,65.18182,1
206,71.03941667,2
0,62.43636,1
5,66.4697,2
0,63,1
166,77.3333,2
517,76.25,2
4376,103.56358,3
116,85.80305,2
4,85.74544,2
70,82.74546667,2
176,81.83634,2
40,78.1273,2
0,73.84848333,2
9,71.9382,2
0,70.19698333,2
0,77.16364,2
0,67.89393333,1
0,71.03636,2
0,65.72728333,1
4,69.69092,2
211,76.61213333,2
0,71.6909,2
120,75.12121667,2
37,72.34544,2
0,74.8766,2
1628,109.818,3
5549,110.97265,3
311,84,2
22,72.272725,2
66,74.54544,2
126,76.07575,2
11,72.32728,2
96,72.58182,2
10,68.19698333,2
8,74.21818,2
0,70.48485,2
0,69.25454,1
0,76.13636667,2
0,71.7091,2
4,69.57576667,2
0,72.23638,2
34,75.48483333,2
40,73.36362,2
0,71.94544,2
81,83.54546667,2
0,73.90476667,2
49,65.87772,2
787,84.2909,2
0,73.3818,2
10,72.30305,2
0,72.87272,2
7,71.34848333,2
60,73.29092,2
142,82.89391667,2
54,76.34546,2
173,77.57575,2
49,74.09094,2
0,71.24243333,2
65,70.36363333,2
7,64.52728,2
0,70.18181667,2
0,69.67272,1
7,67.81816667,2
242,72.63638,2
215,74.34848333,2
33,75.23638,2
381,77.92425,2
350,83.34544,2
10,77.4,2
0,75.468175,2
0,59.1429,1
402,59.6667,2
1133,88.59096667,2
75,82.90908,2
32,78.13635,2
1719,91.4182,2
118,81.5909,2
48,74.92728,2
0,69.97924,1
0,69.53031667,1
7,74.2909,2
0,67.92425,1
0,69.70912,1
0,71.51516667,2
0,68.09092,1
173,71.37878333,2
43,69.56364,2
176,74.68181667,2
0,71.1091,2
132,81.14285,2
318,116.545,2
5266,123.2445,3
52,89.775,2
299,99.90135,2
112,88.3333,2
15,69.2909,2
0,64.24243333,1
0,65.27272,1
171,75.40908333,2
465,81.26,2
305,74.37576667,2
0,65.43636,1
6,66.63634,2
232,84.5995,2
53,75.17572,2
204,70.66363333,2
11,68.51516667,2
31,70.42423333,2
0,65.01515,1
0,64.58182,1
0,61.93938333,1
0,63.98182,1
0,64.25756667,1
0,63.6,1
0,65.27273333,1
64,74.42182,2
194,79.11272,2
805,83.92726,2
0,76.13636667,2
0,71.76364,2
35,71.80303333,2
138,78.14542,2
0,73.59998,2
61,70.69696667,2
371,76.34544,2
1015,83.95455,2
28,65.85658,2
0,62.04545,1
0,68.36362,1
10,64.37878333,2
28,65.32726,2
20,63.63635,2
0,63.83636,1
0,64.02546,1
66,71.07576667,2
294,78.94544,2
56,70.0606,2
24,68.47274,2
261,71.60606667,2
35,102.59818,2
249,70,2
5928,119.6230667,3
253,92.07272,2
0,96,2
0,97,2
127,85.0606,2
49,76.52728,2
133,71.45453333,2
16,69.25452,2
0,74.97348333,2
0,76.09091667,2
0,68.6,1
15,67.9091,2
0,66.03636,1
0,64.71211667,1
24,70.21818,2
31,68.5,2
9,69.23636,2
362,74.35152,2
247,82.31818333,2
58,77.25454,2
625,82.74241667,2
3267,98.80006,2
2521,92.09092,2
940,91.25151667,2
2234,97.09092,2
3357,101.27285,3
3465,104.09082,3
593,102.8181667,2
281,102.76366,2
263,99.96968333,2
0,98.6667,2
9,75.78786667,2
0,80.87272,2
0,77.01513333,2
0,71.67274,2
10,71.59091667,2
0,70.4909,2
192,75.07575,2
0,69.96364,1
0,72.53028333,2
35,72.89092,2
65,73.65454,2
14,75.19696667,2
0,70.4,2
147,69.71215,2
60,91.197,2
0,69.19696667,1
0,63.23636,1
0,67.36363333,1
0,63.8909,1
0,59.42423333,1
0,60.8182,1
0,63.69698333,1
0,61.61818,1
0,64.0909,1
56,66.1818,2
33,62.30908,2
34,62.55151667,2
208,70.36362,2
208,85.60425,2
251,83.10001667,2
20,71.09092,2
7,68.33333333,2
6787,132.8072,3
0,107.1665,2
152,71.83636,2
96,70.06182,2
11,66.68181667,2
6,60.50908,2
5,65.9394,2
12,63.4909,2
0,61.60605,1
297,71.21818,2
425,75.85985,2
620,72.69695,2
214,72.58182,2
35,73.33333333,2
222,82.01818,2
1811,86.2576,2
2214,94.43638,2
1537,89.65456,2
1612,84.7,2
794,69.5091,2
135,72.1591,2
35,74.58724,2
146,76.71211667,2
270,79.44,2
80,71.20455,2
18,67.90908,2
0,65.19698333,1
0,62.5788,1
0,64.69695,1
0,62.32728,1
19,62.33333333,2
15,63.6,2
0,59.45455,1
0,59.36362,1
0,61.6818,1
23,68.38182,2
12,68.51516667,2
0,66.8182,1
394,82.0303,2
172,80.41558333,2
26,73.45454,2
9,70.86363333,2
217,71.34546,2
42,69.01816,2
120,64.65153333,2
734,81.52728,2
9,78.0909,2
0,65.18181667,1
0,62.25456,1
0,65.81818333,1
0,64.23636,1
0,64.92423333,1
0,61.70906,1
412,68.53031667,2
6,65.4182,2
19,64.1515,2
0,63.7273,1
178,72.901525,2
304,69.87878333,2
410,71,2
393,78.27273333,2
235,76.27274,2
1600,92.16368,2
528,87.13638333,2
245,74.14285,2
119,66.7091,2
57,67.73333333,2
0,59.27271667,1
0,61.83638,1
15,58.60606667,2
7,59.47272,2
0,57.80303333,1
0,61.14544,1
0,58.5,1
85,62.69092,2
0,64.39393333,1
13,63.87274,2
106,65.3091,2
52,69.38418333,2
60,75.1818,2
100,68.96362,2
0,66.75756667,1
2935,98.4801,2
2001,90.17968,2
508,78.01818,2
631,83.21818,2
30,73.51515,2
118,71.03636,2
0,67.25756667,1
17,67.51112,2
182,66.01515,2
17,60.05456,2
0,59.54543333,1
0,62.98182,1
0,65.4091,1
0,62.20002,1
0,63.87878333,1
0,63.25454,1
0,63.98485,1
34,64.65456,2
93,65.8,2
29,68.00606667,2
9,63.63456,2
40,63.45455,2
7,62.27272,2
0,61.63635,1
1583,92.78803333,2
4390,98.65454,2
69,81.19696667,2
4,82.5,2
59,82.375,2
8,64.15151667,2
16,63.12728,2
0,65.27273333,1
0,63.58182,1
0,61.5909,1
0,63.7091,1
211,67.63635,2
51,65.36364,2
19,67.59091667,2
0,64.37274,1
0,62.47274,1
4,65.25758333,2
7,65.49092,2
0,67.42425,1
254,68.58182,2
129,66.89395,2
0,63.78182,1
19,61.77273333,2
23,63.43183333,2
3005,110.6973333,3
1570,95.027275,2
39,74.87876667,2
15,66.49452,2
60,64.34846667,2
21,61.65454,2
0,62.46968333,1
0,62.21818,1
0,60.5,1
0,59.21818,1
0,63.16666667,1
0,63.83638,1
32,68.22728333,2
0,67.4909,1
30,65.8182,2
0,64.6515,1
91,66.54355,2
1922,101.7271667,3
4840,122.07766,3
0,80,2
63,78.3636,2
47,67.92423333,2
71,65.71516,2
0,66.31818333,1
0,66.34546,1
0,63.39396667,1
0,63.4182,1
51,65.21211667,2
0,66.38182,1
0,63.25758333,1
0,64.56364,1
55,66.43636,2
0,66.81818333,1
0,65.25456,1
4,63.80305,2
548,68.83634,2
820,80.30756667,2
246,76.3818,2
182,72.86365,2
41,71.67274,2
68,72.40908333,2
19,72.75636,2
376,73.90908,2
79,70.0303,2
40,67.787125,2
0,66.62121667,1
22,64.27818,2
17,65.16666667,2
4,67.8909,2
0,65.51515,1
0,65.38182,1
0,58.37878333,1
10,58.76364,2
218,66.09546667,2
11,65.4182,2
0,63.568175,1
0,82,2
661,80.3091,2
12,65.83333333,2
307,67.00002,2
620,69.04376667,2
88,63.8909,2
1554,79.89393333,2
4998,108.4462,3
0,70.30908,2
15,66.89395,2
0,62.1818,1
0,60.84848333,1
0,62.05658,1
8,63.71211667,2
19,63.90908,2
0,63.48485,1
0,58.81816,1
0,56.45455,1
15,59.27272,2
96,63.18181667,2
0,62.23634,1
635,68.78788333,2
31,69.05454,2
0,71.84364,2
14,69.24243333,2
0,60.4,1
38,64.81818,2
212,72.204525,2
641,67.2909,2
798,81.07423333,2
116,73.90908,2
33,74.0606,2
1312,84.56368,2
262,76.60608333,2
162,67.8,2
0,61.16666667,1
7,62.95636,2
0,66.78788333,1
0,61.59998,1
0,61.86365,1
7,63.52726,2
25,65.71211667,2
0,64.03636,1
143,68.342,2
77,79.8182,2
123,70.1818,2
188,68.46546,2
0,64.52525,1
8,68.7273,2
210,72.80303333,2
5964,101.29086,3
86,73.45456667,2
29,65.70606,2
16,61.13636667,2
0,63.89092,1
0,66.28788333,1
0,64.16362,1
7,63.5909,2
0,65.96362,1
0,63.15153333,1
0,65.14544,1
152,70.24241667,2
445,72.34546,2
354,81.5818,2
125,74.51513333,2
29,71.23636,2
0,71.66668333,2
1858,89.92726,2
5522,98.67276,2
2167,91.06761667,2
49,74.49092,2
78,79.63636667,2
91,72.45454,2
5,63.72728,2
0,65.5909,1
11,64.87272,2
13,66.23483333,2
7,63.27275,2
0,61.2,1
0,65.31816667,1
0,62.14546,1
0,62.1818,1
0,66.10912,1
8,62.04546667,2
76,64.90908,2
32,66.61365,2
100,68,2
182,76.92726,2
16,74.15151667,2
19,70.12728,2
173,76.69698333,2
780,78.74546,2
3655,105.30305,3
3460,105.50005,3
29,79.5,2
0,70.78786667,2
26,69.78788333,2
105,70.47276,2
74,79.70454,2
309,79.13635,2
350,74.43636,2
41,70.8803,2
71,71.70455,2
0,70.7,2
63,61.27274,2
0,59.72726,1
0,62.62121667,1
0,60.6909,1
0,61.23636,1
0,65.3182,1
0,66.58182,1
67,66.39395,2
0,64.61818,1
153,65.84846667,2
337,68.0909,2
107,81.6909,2
18,68.8182,2
223,70.8909,2
105,72.69696667,2
0,68.56364,1
0,67.7818,1
52,68.84848333,2
57,69.481825,2
97,73.48483333,2
3788,90.29092,2
1140,82.92051667,2
84,68.78182,2
97,62.89391667,2
0,60.12724,1
0,60.34846667,1
0,61.50908,1
8,61.89092,2
0,66.19698333,1
0,65.6667,1
64,66.36365,2
6,63.61818,2
7,68.18181667,2
0,62.52728,1
0,64.30303333,1
0,64.63636,1
0,65.81818333,1
0,63.78182,1
76,69.16666667,2
21,64.70908,2
83,69.0109,2
0,69.6,1
157,91.1818,2
1298,83.5757,2
93,77.16546,2
1301,83.92421667,2
29,75.34546,2
105,72.32726,2
22,69.78786667,2
0,68.99998,1
342,70.92425,2
137,65.67272,2
7,61.18181667,2
66,61.80303333,2
0,58.41818,1
0,62.10608333,1
16,65.85452,2
0,64.65153333,1
0,69.05454,1
0,67.04545,1
0,67.2909,1
21,76.8333,2
4751,122.591,3
3842,118.068,3
28,74.5,2
99,79.6279,2
82,79.74241667,2
342,81.56364,2
169,75.49092,2
64,71.74241667,2
159,74.72728,2
457,82.4053,2
384,78.50906,2
252,78.01515,2
188,72.43634,2
669,67.66666667,2
0,63.4899,1
0,61.6364,1
0,61.45456,1
0,66.03031667,1
0,65.81818,1
0,66.13638333,1
0,67.67272,1
11,68.5606,2
119,69.67272,2
207,74.09241667,2
36,69.78182,2
15,70.21818,2
32,69.07576667,2
0,64.13132,1
0,64,1
1699,85.42425,2
309,91.47686,2
160,102.4665,2
16,69.57573333,2
18,80.63635,2
0,82.50908,2
0,76.3041,2
0,72.45453333,2
11,69.8909,2
0,66.42423333,1
8,69.2909,2
9,65.68181667,2
0,65.2,1
0,62.34846667,1
21,68.44,2
0,68.8409,1
5051,111.56352,3
3050,108.3636,3
0,53.1667,1
0,52.18414,1
0,51.425,1
0,50.09375,1
0,51.464275,1
0,53,1
77,64.33333333,2
0,62.99998,1
0,64.01515,1
0,64.34546,1
0,66.22728333,1
8,66.43636,2
0,67.10606667,1
0,66.85456,1
40,70.42425,2
0,65.34546,1
27,64.4,2
146,74.62121667,2
19,71.74546,2
2517,86.32113333,2
2806,90.94536,2
144,68.522725,2
1149,84.04541667,2
396,77.76364,2
507,78.0606,2
239,75.7818,2
655,84.24248333,2
5,71.43638,2
23,67.01515,2
7,62.55456,2
0,61.96968333,1
0,68.14548,1
23,65.96971667,2
0,66.7091,1
0,65.0303,1
0,66.03634,1
228,67.7576,2
33,67.32726,2
15,65.42425,2
131,74.66544,2
164,76.01816,2
159,72.21211667,2
1050,79.2,2
3842,106.4697333,3
499,89.1659,2
7,62.0303,2
0,66.65452,1
0,66.31816667,1
7,66.56362,2
0,63.30301667,1
0,65.43636,1
0,61,1
28,65.69092,2
39,71.84848333,2
26,67.088625,2
500,75.21818,2
425,79.85454,2
237,80.74243333,2
442,79.34546,2
597,79.72726667,2
0,77.38182,2
36,75.39395,2
28,72.09092,2
37,72.18182,2
0,73.48483333,2
83,74.6121,2
101,74.27876667,2
4,65.66666667,2
8,71.90906,2
0,71.18183333,2
8,69.07274,2
9,69.13636667,2
11,67.43636,2
0,68.31816667,1
0,67.56364,1
22,71.33335,2
8,80.2374,2
0,82.6667,2
31,70.7273,2
690,80.23636,2
6,73.39015,2
36,69.00002,2
0,62.13454,1
0,65.37878333,1
0,70.07272,2
0,63.57578333,1
0,68.41818,1
0,62.5909,1
9,62.87274,2
0,64.68181667,1
58,64.36364,2
9,66.697,2
29,65.41816,2
0,59.83636,1
32,64.56061667,2
8,67.41272,2
429,77.87915,2
4302,106.02546,3
2031,98.06666667,2
0,83.75,2
0,93,2
199,76.15153333,2
65,72.89393333,2
0,77.56364,2
51,75.0606,2
0,76.38182,2
0,72.69696667,2
0,64.85454,1
7,65.13635,2
0,67,1
0,64.57578333,1
38,65.63638,2
0,69.63636667,1
0,67.9091,1
60,65.65452,2
51,65.87878333,2
29,76.38383333,2
94,71.77271667,2
111,71.1212,2
17,85.5,2
0,61.95455,1
25,62.92726,2
11,61.48485,2
0,60.92728,1
0,68.33331667,1
0,62.27274,1
0,65.07576667,1
0,70.34544,2
0,66.19695,1
0,69.34546,1
0,66.00002,1
212,82.81816667,2
682,84.4091,2
58,72.89896667,2
0,72.5,2
3760,118.4035,3
1093,93,2
0,88.5,2
141,76.95455,2
73,71.49998333,2
41,67.28572,2
0,66.65151667,1
0,67.98182,1
0,63.84848333,1
0,63.65454,1
0,63.75756667,1
0,63.36364,1
0,60.86363333,1
0,63.43638,1
0,61.86363333,1
10,65.4909,2
82,69.16362,2
69,67.59091667,2
120,78.44546,2
0,68,1
203,87.4909,2
6,71.21818,2
15,68.34846667,2
56,69.23636,2
60,73.24241667,2
173,80.2909,2
8,83.1,2
66,74.3636,2
101,69.72726667,2
0,67.61516,1
721,68.70201667,2
5,62.74546,2
10,65.5,2
15,64.76364,2
0,66.74243333,1
0,61.7818,1
0,63.5909,1
14,66.5818,2
11,68.15151667,2
0,65.6909,1
0,64.52728,1
59,73.02693333,2
0,72.58182,2
122,69.04546667,2
70,69.38184,2
0,69.16666667,1
32,69.2,2
0,69.65153333,1
9,68.87274,2
0,69,1
58,72.03636,2
13,69.76364,2
56,68.31818333,2
37,66.4891,2
51,60.89393333,2
14,59.52728,2
0,63.21213333,1
0,63.2909,1
0,62.77271667,1
0,67.50908,1
0,66.57575,1
25,66.56002,2
202,78.8409,2
1014,86.0891,2
637,81.12443333,2
684,79,2
70,69.93506667,2
96,71.67068,2
10,68.84424,2
0,69.25,1
0,70,2
44,70.3636,2
59,70.59998,2
35,74.81818333,2
0,71.21818,2
0,76.21213333,2
0,79.18182,2
15,76.71211667,2
0,74.05456,2
209,76.04546667,2
5,71.78182,2
0,70.09091667,2
13,67.56106,2
2008,116.535,3
2632,109.8006667,3
214,81.28786667,2
1482,102.37572,3
49,76.39396667,2
0,67.12726,1
25,66.36363333,2
109,68.82626,2
0,64.30301667,1
4,66.12726,2
0,65.71211667,1
0,62.89092,1
0,64.59091667,1
6,66.9091,2
200,73.00908333,2
0,69.47272,1
0,71.68181667,2
11,71.18182,2
18,69.96362,2
1473,77.40906667,2
6125,114.8363,3
84,88.3939,2
184,82.045425,2
883,84.14546,2
33,72.01516667,2
49,68.21818,2
13,66.9697,2
140,77.14546,2
0,70.10908,2
56,69.40908333,2
57,64.89092,2
58,65.0909,2
0,62.86363333,1
0,66.69092,1
0,64.72728333,1
0,62.74546,1
0,63.19693333,1
86,70.74274,2
125,73.27274,2
200,76.95455,2
28,74.74544,2
813,75.89393333,2
24,67.07272,2
533,74.8485,2
665,85.10918,2
115,81.62123333,2
1029,88.48182,2
0,79.92728,2
0,77.9091,2
8,76.20002,2
18,73.0909,2
268,71.78182,2
64,75.69696667,2
232,73.96364,2
145,71.25908333,2
0,70.95062,2
0,70.90908333,2
0,73.32726,2
0,74.31818333,2
0,76.01818,2
0,77.51515,2
0,76.76362,2
6,74.48485,2
0,73.7273,2
275,75.4697,2
238,76.34544,2
333,81.68862,2
719,83.13635,2
337,76.1091,2
1673,82.80301667,2
399,77.52728,2
369,96,2
191,87.45455,2
212,73.69092,2
291,68.89396667,2
212,70.92728,2
33,79.39393333,2
6,67.41818,2
0,67,1
16,65.48485,2
8,63.50908,2
7,67.81818333,2
0,62.36364,1
0,63.45453333,1
5,67.98182,2
240,70.84846667,2
0,62.702275,1
32,60.10605,2
0,61.94546,1
9,64.93938333,2
0,68.3091,1
7,62.57575,2
0,63.25452,1
0,64.49092,1
62,66.1212,2
6,70.36363333,2
0,70,2
0,67.25,1
28,73.48486667,2
10,71.43938333,2
60,68.23634,2
26,64.43938333,2
30,65.96364,2
1577,83.32728,2
12,77.3106,2
40,75.0833,2
138,66.87878333,2
44,66.54546,2
0,67.25756667,1
0,65.5273,1
0,64.43938333,1
12,65.92728,2
286,74.19728,2
345,79.5303,2
236,76.87274,2
43,76.84846667,2
11,76.16364,2
208,79.4697,2
216,79.6,2
372,79.8909,2
359,76.8788,2
23,71.96364,2
0,71.18181667,2
519,75.74362,2
85,77.68638333,2
0,65.38445,1
0,68.8333,1
0,66.2121,1
39,65.22728333,2
0,62.94546,1
0,63.01516667,1
33,67.98184,2
0,66.63636667,1
0,64.87272,1
240,70.66232,2
538,80.77271667,2
182,74.7091,2
16,69.22728333,2
39,67.85456,2
5,71.34848333,2
25,68.96364,2
60,69.0909,2
82,72.32726,2
3945,99.10606667,2
3136,124.82375,3
94,78.2803,2
0,74.62123333,2
0,77.38182,2
0,67.57575,1
0,72.41818,2
0,67.8333,1
0,71.54546,2
187,73.68636667,2
0,71.2182,2
5,69.36361667,2
72,72.1091,2
94,77.798,2
8,83.8182,2
70,82.53031667,2
36,73.3091,2
56,77.63635,2
179,78.01818,2
431,78.36363333,2
16,71.96362,2
139,74.10908,2
47,76.24241667,2
0,68.58182,1
0,67.68183333,1
0,63.75092,1
60,66.09998,2
0,61.07575,1
0,67.87274,1
6,67.33331667,2
0,70.4,2
0,70.57575,2
19,71.32728,2
218,73.18183333,2
8,68.85456,2
96,68.86365,2
63,72.1091,2
407,78.25456,2
26,65.98485,2
146,80.39998,2
33,73.85908333,2
99,72.47274,2
128,70.87876667,2
722,72.98182,2
11,64.25756667,2
40,68.23636,2
387,75.06061667,2
5178,107.3817,3
6115,102.4547,3
1704,107.1365,3
61,75.4182,2
43,71.56362,2
20,71.90908,2
0,72.5,2
0,69.72728,1
0,71.4091,2
0,73.32728,2
79,76.5909,2
0,70.87272,2
131,75.13635,2
33,73.66908,2
14,71.27273333,2
19,70.57364,2
5,71.32728,2
0,72.24243333,2
65,68.13938,2
86,73.5697,2
32,75.93172,2
6,72.25758333,2
6,69.43636,2
9,69.76362,2
18,63.45453333,2
9,67.56765,2
70,66.25758333,2
9,68.3091,2
33,69.03028333,2
130,67.03636,2
0,62.60606667,1
0,67.67272,1
243,71.13635,2
0,61.29092,1
0,61.89393333,1
0,69.3818,1
0,64.61818,1
0,67.89393333,1
36,68.8571,2
43,77.1818,2
84,76.16362,2
0,74,2
169,79.21816,2
181,72.4894,2
0,68.96364,1
52,66.80303333,2
21,68.12272,2
35,58.99394,2
0,62.74243333,1
16,62.85456,2
0,66.78788333,1
0,62.98184,1
0,61.74243333,1
0,61.32726,1
0,64.57576667,1
106,69.47272,2
0,69.45454,1
12,76,2
95,71.29092,2
0,80.83333333,2
60,81.65454,2
82,72.25756667,2
85,72.0909,2
314,68.84848333,2
33,66.36062,2
156,64.75758333,2
0,61.7818,1
0,68.63635,1
0,69.16362,1
0,67.6515,1
0,72.36364,2
17,71.98485,2
20,69.43636,2
29,70.34848333,2
27,69.43638,2
43,70.45456,2
0,70.72728333,2
72,79.48728,2
49,74.90184,2
117,70.14546,2
25,69.74243333,2
16,67.25456,2
97,87.2091,2
26,76.58184,2
58,76.75755,2
6,73.05452,2
0,69.5,1
39,66.58182,2
0,68.4182,1
14,72.75756667,2
7,72.45456,2
0,73.27271667,2
0,64.49094,1
0,64.45455,1
0,64.76364,1
240,70.00001667,2
38,66.4,2
57,67.10608333,2
32,83.380675,2
0,93.75,2
20,66.181825,2
0,67,1
72,73.2909,2
105,72.25758333,2
182,74.14546,2
72,72.57575,2
85,68.52726,2
90,68.57576667,2
576,81.7091,2
0,71.63636667,2
11,69.01816667,2
42,65,2
26,60.77956,2
17,62.01515,2
13,62.7091,2
0,65.1818,1
0,63.94546,1
0,69.81818333,1
0,65.94544,1
173,68.45453333,2
0,67.92726,1
88,72.34848333,2
0,74.61818,2
119,78.4,2
4326,107.1970333,3
2982,125.391,3
50,85.88728,2
524,91.3515,2
460,92.2691,2
25,85.66666667,2
0,79.8159,2
0,84.75,2
14,72.31815,2
263,73.69092,2
51,68.36363333,2
0,69.69696667,1
6,71.41816,2
13,70.95455,2
0,69.16362,1
0,69.56061667,1
0,70.3818,2
260,76.27274,2
0,90.66665,2
0,60,1
893,113.091,2
3804,128.96425,3
121,96.47725,2
43,82.5818,2
29,81.24241667,2
54,81.01818,2
38,78.1212,2
148,74.83638,2
5,71.43634,2
0,64.98485,1
46,63.21818,2
21,63.55301667,2
14,61.95455,2
0,65.83636,1
0,63.04545,1
0,65.87274,1
0,64.18181667,1
0,63.3091,1
0,65.09091667,1
10,65.59998,2
29,68.6,2
106,74.9091,2
356,79.07573333,2
1044,86.05458,2
91,96.129125,2
0,88,2
74,72.69696667,2
172,69.27276,2
34,65.71971667,2
78,65.46971667,2
0,59.2,1
0,63.60605,1
0,63.52728,1
0,62.89395,1
0,65.10908,1
0,66.95456667,1
0,64.54546,1
62,67.74241667,2
32,67.70908,2
28,68.21818,2
191,78.62123333,2
19,71.97726,2
85,69.67272,2
0,67.43938333,1
2520,93.25452,2
3800,106.4091667,3
3378,94.54552,2
1698,100.1079667,3
1282,102.1617333,3
53,81.2121,2
16,75.06506,2
35,69.90908333,2
52,67.47274,2
0,67.18183333,1
0,68.2909,1
0,67.72726667,1
0,65.34544,1
4,68.40908333,2
0,69.83636,1
104,73.68183333,2
35,75.5909,2
469,81,2
292,81.45454,2
22,79.93936667,2
197,77.38184,2
141,78.24243333,2
162,75.45454,2
156,75.04545,2
325,76.74546,2
221,78.84846667,2
121,80.32728,2
176,74.60605,2
266,70.5818,2
89,64.98728,2
25,61.1909,2
0,62.81818333,1
0,60.07272,1
0,70.28786667,2
0,63.98182,1
0,64.63633333,1
9,64.80002,2
170,67.9697,2
27,66.45456,2
0,58.45453333,1
48,59.6182,2
0,65.52724,1
387,74.02695,2
3102,101.92736,3
1836,96.18416,2
17,81.34546,2
98,78.04546667,2
5,72.76366,2
55,77.31818333,2
0,75.8889,2
47,70.1818,2
12,64.14241667,2
0,70.63636667,2
0,69.19998,1
0,66.43941667,1
0,65.89094,1
0,64.36365,1
13,64.89092,2
4,68.50001667,2
0,64.2909,1
66,70.01513333,2
85,71.96362,2
6,69.49092,2
203,82.39393333,2
31,72.23636,2
126,71.19696667,2
1251,90.4546,2
7,76.3182,2
0,71.99998,2
0,70.16668333,2
0,70.65454,2
2349,83.8334,2
2938,98.47272,2
34,80.45758,2
265,72.19998,2
42,68.60606667,2
0,67.69695,1
0,68.87274,1
0,71.90908333,2
0,68.56364,1
0,66.33331667,1
0,68.9091,1
0,62.56061667,1
0,67.41818,1
67,68.72726667,2
53,69.54182,2
6829,111.1514833,3
17,86.25,2
296,68.74241667,2
26,64.125,2
22,66.86363333,2
9,63.78182,2
0,66.19695,1
0,60.99998,1
0,62.57575,1
0,65.2182,1
16,65.84848333,2
24,68.19998,2
7,67.4697,2
50,69.01816,2
36,72.65454,2
455,76.3709,2
878,83.85454,2
581,84.43941667,2
393,79.34544,2
152,75.27275,2
17,73.05456,2
589,75.84848333,2
276,73.52728,2
222,71.87272,2
0,69.18183333,1
0,66.70908,1
95,66.94613333,2
77,67.1616,2
0,65.78786667,1
0,72.18182,2
0,67.62121667,1
0,68.18182,1
0,74.04545,2
0,68.14546,1
0,68.98483333,1
58,69,2
5,92.44443333,2
45,111,2
0,70.5091,2
0,69.1111,1
0,75.4545,2
0,72.83638,2
67,64.31818333,2
0,60.83432,1
0,61.13635,1
9,62.58182,2
8,66.30303333,2
0,63.4182,1
0,66.75758333,1
0,66.05456,1
18,66.72221667,2
13,64.18182,2
28,64.04546667,2
384,73.99998,2
204,77.31212,2
0,83.5,2
335,81.07576667,2
15,75.52728,2
43,71.92726,2
354,74.80305,2
177,76.23634,2
112,77.68183333,2
141,72.96364,2
253,70.66666667,2
159,68.74548,2
0,65.21213333,1
64,64.57576667,2
0,62.63636667,1
48,65.67272,2
61,67.34848333,2
20,65.19998,2
0,65.09091667,1
9,61.7091,2
8,63.87274,2
22,61.27273333,2
20,64.38182,2
78,66.92426667,2
169,72.27274,2
0,81.10713333,2
56,54.66665,2
63,73.89393333,2
72,70.74544,2
559,75.63636667,2
0,72.16366,2
1361,82.71211667,2
756,86.14544,2
279,84.41818,2
52,73.8,2
110,68.54546,2
49,65.36365,2
9,64.56061667,2
0,65.7182,1
0,65.15151667,1
0,65.78182,1
0,66.13485,1
0,63.30908,1
0,65.15151667,1
0,66.74546,1
19,69.00608,2
94,70.96366,2
44,74.87878333,2
0,72.27274,2
31,65.25756667,2
44,62.25452,2
0,68.36365,1
46,71.73182,2
22,72.63638,2
84,75.93092,2
0,86,2
135,75.5644,2
10,72.6,2
0,69.39596,1
0,65.62123333,1
0,67.87274,1
7,69.8182,2
8,63.87272,2
0,66.04545,1
12,61.98184,2
176,68.9697,2
25,66.4,2
0,63.87878333,1
18,65.18184,2
0,62.96364,1
179,74.5909,2
26,74.92726,2
95,74.46971667,2
286,77.45454,2
15,71.7879,2
0,72.65454,2
0,72.48485,2
556,79.96,2
14,80.5,2
206,70,2
0,69.29092,1
0,70.89395,2
8,69.67274,2
0,65.71213333,1
0,69.00608,1
260,72.72576667,2
60,76.63638,2
0,73.6212,2
76,70.09092,2
454,80.01516667,2
437,84.87998,2
69,82.33331667,2
230,73.7091,2
104,76.12123333,2
167,76.25456,2
46,74.50912,2
71,72.87878333,2
279,70.4182,2
301,85.3616,2
31,69.18185,2
9,68.4485,2
0,70.45455,2
23,70.12726,2
0,74.18183333,2
0,75.87272,2
0,71.16666667,2
0,73.21818,2
0,69.65151667,1
0,72.87274,2
95,76.92423333,2
8,71.87272,2
0,69.05454,1
827,84.56065,2
211,80.14544,2
112,79.7974,2
341,86.8091,2
357,75.23636,2
1732,104.1060333,3
281,110.417,2
0,69.6818,1
318,71.81818333,2
203,71.96362,2
63,77.8727,2
183,86.9697,2
112,76.65454,2
25,73.73246,2
19,74.94546,2
11,75.19696667,2
79,74.14544,2
0,73.04546667,2
110,76.29092,2
47,74.94546,2
109,70.31818333,2
41,68.36362,2
15,74.77271667,2
44,75,2
0,76.24243333,2
0,76.2909,2
0,75.0303,2
0,78.70908,2
0,75.10606667,2
122,80.17574,2
230,82.41818,2
0,81.57575,2
0,77.65454,2
534,87.52083333,2
11,83.89092,2
175,85.42426667,2
194,84.45454,2
39,80.12728,2
32,76.83335,2
135,77.14544,2
236,77.69696667,2
203,79.05456,2
80,77.72728333,2
303,74.94546,2
45,67.24243333,2
150,67.1896,2
10,61.71211667,2
0,64.6909,1
0,70.83333333,2
0,64.32726,1
0,63.01516667,1
0,60.8,1
226,69.3182,2
41,70.49092,2
0,68.51515,1
22,68.96766,2
0,66.41818,1
159,68.10606667,2
138,71.39634,2
0,72.95455,2
102,79.14546,2
1078,83.1636,2
31,74.12726,2
174,79.95453333,2
1148,89.12726,2
75,86.636375,2
10,78.0808,2
0,73.84848333,2
0,73.12728,2
0,78.27273333,2
0,69.45454,1
0,69.86363333,1
0,69.34546,1
0,68.28785,1
66,77.247725,2
914,87.97538333,2
742,86.65456,2
63,83.31818333,2
788,90.29082,2
308,87.48486667,2
848,91.48182,2
45,84.31818333,2
183,80.74546,2
104,79.16364,2
605,81.48486667,2
55,82.79998,2
329,93.39398333,2
450,93.18182,2
20,87.06061667,2
169,85.19998,2
61,76.70455,2
10,74.7424,2
0,71.47274,2
0,68.81818333,1
0,68.43636,1
0,68.25756667,1
0,69.81818,1
0,71.21211667,2
7,73.43636,2
214,75.89395,2
134,73.76364,2
359,79.4,2
453,83.56061667,2
13,76.27272,2
390,79.19698333,2
829,84.21816,2
182,75.30303333,2
63,76.59998,2
241,76.25758333,2
379,82.65452,2
14,76.16668333,2
244,74.78184,2
122,69.74774,2
0,68.5909,1
0,75.26364,2
15,70.28786667,2
0,68.14544,1
0,66.83335,1
9,63.94548,2
0,65.57575,1
0,65.72728,1
0,64.10605,1
32,67.43638,2
89,72.09088333,2
45,73.8409,2
33,76.2,2
54,75.98485,2
200,81.2,2
375,82.78788333,2
379,84.89092,2
122,81.28788333,2
125,79.34546,2
465,78.71213333,2
290,78.4909,2
195,73.36364,2
14,85.1061,2
0,85,2
18,63.33335,2
0,60.7091,1
231,65.2,2
294,65.54546,2
0,62.22726667,1
0,62.54546,1
0,61.8485,1
0,62.78182,1
32,66.22726667,2
8,69.4545,2
1489,104.364,3
3481,108.6925667,3
125,84.446975,2
47,79.9818,2
0,74.83333333,2
51,72.47272,2
21,72.36363333,2
18,75.78184,2
20,72.34544,2
55,73.63635,2
81,72.5273,2
145,68.1633,2
77,69.9798,2
0,66.45453333,1
16,66.4,2
12,64.86365,2
0,64.96364,1
0,68.95455,1
0,64.5273,1
0,70.68183333,2
19,69.40002,2
92,71.63635,2
100,74.29092,2
88,102.37075,2
0,72.65452,2
27,72.90908,2
12,69.13636667,2
0,74.09092,2
6,73.12121667,2
81,85.4773,2
0,70.8636,2
246,78.72728,2
466,83.86363333,2
449,105.07828,2
552,82.32726,2
402,83.7121,2
123,76.27274,2
192,77.23634,2
173,76.68183333,2
137,80.78182,2
59,78.13636667,2
103,74.63636,2
238,73.33335,2
607,76.30906,2
77,63.10606667,2
0,60.27275,1
0,67.63636,1
0,71.98486667,2
0,66.09092,1
0,68.6515,1
0,67.8727,1
0,67,1
7,65.47274,2
20,66.95455,2
8,66.65456,2
0,66.23864,1
154,78.8909,2
4,76.92425,2
116,73.2591,2
738,91.9848,2
0,75.92728,2
23,73.16364,2
4580,99.45445,2
444,120.5555,2
93,77.57573333,2
697,77.92728,2
18,65.1818,2
6,61.21211667,2
17,63.00002,2
0,71.09091667,2
0,69.25454,1
0,71.15151667,2
7,74.21818,2
0,70.4697,2
0,73.6909,2
7,70.59093333,2
60,74.56364,2
1793,86.12728,2
91,80.75756667,2
384,76.85456,2
110,75.75756667,2
97,75.73334,2
35,68.37878333,2
52,71.07272,2
2107,84.28791667,2
2852,116.3635,3
0,114,2
0,81,2
57,78.4091,2
248,72.31818333,2
0,67.70652,1
0,66.33331667,1
0,66.78182,1
0,69.4697,1
22,68.94546,2
8,71.0303,2
0,65.6182,1
224,72.34846667,2
0,72.85454,2
48,75.74546,2
5,69.8485,2
54,68.27274,2
18,71.90908333,2
12,71.67272,2
33,70.27273333,2
195,75.32546,2
58,71.83333333,2
0,66.8182,1
42,65.42423333,2
77,75.69092,2
182,80.45052,2
83,80.63638,2
20,78.44695,2
0,67.46968333,1
96,65.66364,2
50,65.54543333,2
0,62.5818,1
0,68.27271667,1
0,70.85454,2
0,67.06061667,1
0,72.27274,2
7,65.95456667,2
0,73.38182,2
53,72.04545,2
25,69.21818,2
1380,86.19992,2
0,80.34848333,2
0,73.5909,2
201,89.06668,2
214,87.87274,2
357,78.48485,2
264,79.01818,2
499,79.4091,2
91,73.8909,2
114,92.5,2
45,74.42423333,2
0,72.4935,2
280,81.5,2
88,83.81818333,2
1227,86.14546,2
0,73.30303333,2
80,75.67274,2
536,82.69695,2
24,78.61816,2
523,85.4909,2
369,83.84846667,2
31,76.05454,2
63,67.9697,2
9,71.07726,2
0,71.69696667,2
0,70.74546,2
0,71.33333333,2
0,75.1091,2
0,72.92425,2
8,71.47272,2
267,72.73938333,2
32,69.23636,2
42,70.60606667,2
43,71.67276,2
0,68,1
107,68.5,2
3561,102.27264,3
4159,115.43175,3
162,99.03642,2
772,86.16668333,2
543,85.90914,2
30,81.13638333,2
997,91.84546,2
13,84.07576667,2
10,76.58182,2
67,73.3788,2
0,68.52728,1
0,67.10608,1
16,69.74243333,2
47,72.50906,2
6,66.42425,2
0,66.2727,1
0,67.63635,1
0,64.83638,1
220,73.54503333,2
42,73.2909,2
7,75.68183333,2
112,71.07498,2
0,70.78182,2
286,72.24241667,2
39,72.76362,2
204,73.24241667,2
485,77.54546,2
146,76.66666667,2
67,76.78182,2
471,78.30303333,2
109,77.18184,2
278,78.24243333,2
637,78.4909,2
499,74.1091,2
64,71.94372857,2
0,62.72548,1
0,67.10606667,1
0,79.36366,2
14,74.5303,2
0,78.6,2
0,85.16666667,2
0,80.72728,2
297,79.81816667,2
0,72.56364,2
153,73.51515,2
0,74.63638,2
76,72.159075,2
229,76.77273333,2
6,78.8,2
197,85.19696667,2
5,79.87272,2
910,85.38181667,2
1173,85.81272,2
55,70,2
237,76.47274,2
133,100.918175,2
9,71.03026667,2
4,71.18182,2
0,68.51136667,1
0,75.81816667,2
0,73.41818,2
9,74.21211667,2
0,74.4909,2
4,71.28788333,2
0,64.20002,1
9,67.30303333,2
64,71.96364,2
66,70.80303333,2
751,81.12726,2
664,92.40915,2
0,77,2
0,88,2
149,79.9697,2
167,88.86366667,2
99,75.01818,2
0,70.6212,2
0,69.6,1
21,70.32728,2
18,69.48485,2
0,70.78182,2
0,66.59091667,1
0,69.65454,1
9,69.63636667,2
0,74.70906,2
0,72.95455,2
27,78.2909,2
46,85.1667,2
171,90.45455,2
637,88.4,2
790,81.18183333,2
47,73.52726,2
0,72.72726667,2
0,70.511375,2
59,77.96966667,2
0,73.3091,2
56,73.44026,2
204,76.72454,2
4013,95.47574,2
953,82.06262,2
0,68.45456,1
0,71.39393333,2
0,66.38182,1
0,68.04545,1
0,73.43636,2
0,74.86365,2
26,76.94544,2
77,74.68181667,2
149,76.63636,2
556,85.09093333,2
109,80.04364,2
40,75.30908,2
22,71.60606667,2
26,72.32726,2
6,74.45456667,2
55,73.61818,2
17,73.2642,2
5,82.3636,2
107,74.7091,2
71,75.20201667,2
0,77.75755,2
0,79.79998,2
0,76.33335,2
0,75.05454,2
0,72.13638333,2
0,77.21818,2
0,77.39393333,2
88,79.61816,2
13,74.1818,2
0,70.56362,2
0,68.63638,1
151,74.40571667,2
8,84.05456,2
260,92.3265,2
557,84.85452,2
0,82.10605,2
223,77.76362,2
4383,113.7272,3
0,103.6666667,2
69,85.1818,2
116,76.56366,2
741,80.47112,2
0,69.83333333,1
9,72.56364,2
0,69.21213333,1
0,69.29092,1
0,68.9697,1
0,67.54544,1
7,72.06061667,2
10,71.38178,2
20,70.5,2
21,69.29092,2
190,77.30908,2
247,79.92425,2
117,73.59998,2
187,72.6212,2
550,84.76364,2
0,75.72725,2
5799,119.7544,3
1805,116.553,3
55,87.9394,2
149,79.96362,2
56,76.57274,2
29,73.89391667,2
0,74.54544,2
8,74.42426667,2
0,67.90906,1
0,66.69696667,1
0,67.70908,1
0,68.53031667,1
0,73.38182,2
71,74.37878333,2
18,72.07272,2
34,78.7503,2
8,81.41818,2
13,78.80301667,2
149,79.2618,2
879,91.55775,2
683,89.54533333,2
5077,133.109,3
4161,107.8721167,3
3235,113.25225,3
47,81.6818,2
83,75.3788,2
0,67.09608,1
23,68.2576,2
0,67.9818,1
0,65.2121,1
0,68.09092,1
0,65.27275,1
0,68.03638,1
0,65.8788,1
15,72.67272,2
0,71.04546667,2
0,68.431825,1
205,81.14546,2
736,81.92421667,2
137,80.39998,2
125,78.32728,2
96,78.13636667,2
4600,98.58192,2
2818,102.1319167,3
161,84,2
128,87.19698333,2
0,80.2909,2
123,78.28786667,2
137,79.4679,2
85,71.1212,2
0,70.0606,2
159,72.48483333,2
38,70.92425,2
9,76,2
0,76.09091667,2
68,76.3091,2
304,83.74243333,2
11,76.94544,2
121,76.47272,2
0,73.51513333,2
336,74.45454,2
145,77.28635,2
4,71.0909,2
92,71.57573333,2
33,74.99998,2
0,71.01515,2
132,66.85456,2
13,58.59998,2
17,60.98485,2
176,67.60002,2
129,84.76703333,2
102,76.41818,2
552,78.21265714,2
895,82.5682,2
36,76.40908333,2
342,75.65454,2
702,80.71213333,2
8,72.25,2
119,67.5091,2
0,65.72726667,1
0,70.92423333,2
6,71.58182,2
0,70.0909,2
0,66.36364,1
0,64.83331667,1
0,69.43636,1
197,72.88636,2
136,77.5606,2
183,77.61818,2
427,78.96971667,2
141,73,2
0,72.2273,2
8,69.94546,2
286,80.79653333,2
0,81.14546,2
115,79.2121,2
289,76.40002,2
298,81.63634,2
385,82.83333333,2
995,87.90908,2
147,77.92426667,2
271,87.83274,2
70,76.66136,2
89,69.61514,2
0,68.65153333,1
0,66.98182,1
0,69.19698333,1
0,67.6909,1
0,68.48486667,1
7,65.81818,2
248,74.15151667,2
10,69.25454,2
478,79.53028333,2
14,74.9091,2
0,69.54546,1
658,75.03031667,2
314,92.33506,2
0,74.729175,2
139,75.8788,2
32,70.12726,2
151,67.74243333,2
1596,98.1515,2
0,74.22726667,2
19,71.12726,2
72,69.34848333,2
32,63.8909,2
0,66.14546,1
0,68.74545,1
0,69.07576667,1
0,71.21818,2
0,64.25756667,1
6,68.36366,2
0,68.54545,1
0,72.94544,2
0,69.78788333,1
29,73.12728,2
302,80.084425,2
436,78.42425,2
0,80.29092,2
925,84.4394,2
216,77.14544,2
214,77.03028333,2
542,82.29318,2
532,77.01513333,2
72,72.7818,2
231,72.70908,2
174,86.01515,2
220,100.2363,2
35,87.33636667,2
225,77.25452,2
27,79.4697,2
0,76.15586,2
0,75.69695,2
0,72.52724,2
0,73.72726667,2
0,75.6909,2
0,76.54543333,2
0,73.27272,2
19,77.71213333,2
162,79.26546,2
331,87.42022,2
27,85.15151667,2
229,81.7091,2
6,72.98485,2
0,72.85454,2
121,76.69698,2
208,78.62121667,2
107,75.47272,2
0,75.43183333,2
0,80,2
150,74.54543333,2
48,68.65456,2
0,68.23182,1
45,67.74243333,2
20,61.65454,2
0,61.57575,1
0,63.87274,1
0,65.72728333,1
0,71.27272,2
0,73.0909,2
102,75.2909,2
211,80.12121667,2
160,82.23638,2
28,84.9091,2
6,76.80301667,2
59,73.70908,2
333,82.96818333,2
256,83.23636,2
373,82.5303,2
338,82.14546,2
606,82.04546667,2
24,76.85454,2
0,74.51515,2
81,71.45456,2
440,76.1818,2
0,66.72726667,1
21,64.36544,2
22,63.1212,2
0,62.6909,1
0,63.77273333,1
0,66.47272,1
11,64.09088333,2
0,65.03636,1
0,66.74241667,1
5,73.2,2
37,79.75,2
9,72.227275,2
16,71.0909,2
61,68.50908,2
131,71.60605,2
367,78.5596,2
42,73.65153333,2
0,68.85456,1
0,69.48483333,1
0,65.8182,1
0,67.03028333,1
0,68.9091,1
166,77.071,2
24,80.71211667,2
47,79.16362,2
280,79.89393333,2
135,76.43634,2
167,74.42423333,2
371,77.65452,2
98,73.15151667,2
150,80.47272,2
360,78.5606,2
0,64.6909,1
87,69.70908,2
130,71.83333333,2
273,79.7673,2
18,80.24241667,2
229,84.1818,2
110,73.943175,2
0,68.5,1
38,69.39393333,2
0,64.06061667,1
0,68.96362,1
0,67.0606,1
5,66.92726,2
0,67.63636,1
5,68.28788333,2
57,73.65454,2
41,72.81818333,2
0,68.82955,1
522,82.13635,2
297,87.92425,2
0,83.72726,2
160,82.0303,2
126,76.47272,2
100,76.54545,2
170,76.29092,2
334,78.18181667,2
148,80.01818,2
208,79.07575,2
289,74.05456,2
0,67.12728,1
12,64.5606,2
391,72.4709,2
27,70,2
0,66.45454,1
7,68.16665,2
0,68.14548,1
0,67.59093333,1
0,71.78182,2
5,75.72728333,2
0,81.70908,2
101,78.06063333,2
0,79.03636,2
27,80.125,2
983,108.727,2
3537,133.25475,3
132,94.8182,2
64,88.16362,2
0,81.29166667,2
0,79.50001667,2
0,76.6182,2
10,77.60605,2
8,73.98182,2
0,72.24241667,2
0,73.92728,2
142,80.36818,2
27,79.4545,2
0,72.4,2
0,68.72726,1
9,71.90908333,2
0,72.23638,2
261,76.17121667,2
149,76.53184,2
0,77,2
1187,101.3333667,3
0,99,2
0,96,2
0,96.5,2
55,74.09093333,2
5,70.72728,2
82,72.31818333,2
0,72.10606667,2
0,70.47274,2
19,69.69698333,2
0,72.2,2
17,73.57576667,2
0,70.58182,2
316,78.51515,2
0,75.56362,2
4,76.42423333,2
64,74.32726,2
0,73.60002,2
159,73.60605,2
4698,111.50354,3
1182,111.675,3
167,90.1091,2
174,81.18185,2
379,92.93435,2
31,99.8182,2
36,85.81818333,2
0,77.03636,2
24,79.16364,2
29,79.06058333,2
64,83.67275,2
30,77.57575,2
0,77.21818,2
0,74.39391667,2
0,72.3091,2
4,68.61818,2
15,67.60606667,2
178,75.25456,2
31,72.24243333,2
60,73.87274,2
12,75.34848333,2
6,76.03638,2
13,75.5303,2
0,81.5,2
66,87.5455,2
211,69.78786667,2
13,70.18182,2
0,74.33335,2
0,70.4091,2
0,68.87274,1
4,69.49998333,2
11,70.8727,2
0,72.99998333,2
0,73.25454,2
18,74.69696667,2
21,72.957375,2
0,70.3333,2
71,75.60455,2
0,69.90908,1
662,77.98486667,2
406,77.00002,2
830,83.96364,2
19,72.39395,2
423,72.74546,2
32,86.80301667,2
500,90.8909,2
0,77.22726667,2
37,79.79165,2
10,71.9091,2
0,69.58182,1
0,74.27271667,2
0,72.2,2
0,71.51516667,2
6,72.38182,2
0,68.77271667,1
0,67.63634,1
130,74.36363333,2
32,72.81818,2
0,70.53031667,2
0,69.01818,1
76,76.50883333,2
3932,121.1092,3
1092,124.25,3
68,110.5958333,2
881,89.15153333,2
50,84.61666667,2
125,79.0303,2
8,78.89092,2
130,72.33333333,2
64,70.12726,2
0,65.83335,1
30,71.45454,2
0,78.0909,2
0,69.49998333,1
0,65.47272,1
0,69.66666667,1
0,65.14548,1
0,67.45455,1
0,74.1091,2
297,80.30424,2
7,82.89395,2
168,82.07274,2
0,79.69092,2
4,74.37878333,2
112,76.18182,2
4,77.18181667,2
370,88.65456,2
7,82.93941667,2
190,84.43638,2
37,82.62123333,2
175,84.39998,2
316,86.1515,2
307,84.14546,2
166,80.4,2
175,75.07576667,2
259,78.0182,2
7,75.55965,2
195,73.21211667,2
0,72.38182,2
0,68.07575,1
0,67.09092,1
0,68.84848333,1
23,68.53786667,2
2028,98.07578333,2
632,89.41816,2
36,85.9394,2
275,83.45454,2
3828,101.67875,3
4758,101.54556,3
3323,101.1363333,3
1667,94.79998,2
4579,101.4849333,3
3276,96.78188,2
974,95.92546,2
353,98.06058333,2
14,91.29092,2
9,84.81818333,2
1582,89.23636,2
57,89.9697,2
8,80.2727,2
10,80.6553,2
0,76.62121667,2
0,76.09092,2
0,73.3788,2
0,71.43636,2
0,75.93938333,2
0,76.34546,2
326,83.42425,2
0,74.56364,2
0,70.76668333,2
7,69.90908,2
49,72.27274,2
0,70.57576667,2
0,75.3091,2
19,73.13636667,2
136,73.05454,2
13,71.76211667,2
4,70.23636,2
122,73.82908,2
466,78.74241667,2
17,68.09092,2
6,68.0606,2
49,67.92728,2
0,64.87274,1
0,70.77273333,2
0,64.89092,1
0,67.21211667,1
0,64.07274,1
0,66.21213333,1
10,65.54544,2
235,79.70623333,2
91,77.4,2
36,76.03634,2
31,74.02954,2
50,73.10908,2
199,82.33768,2
511,88.5091,2
48,74.07576667,2
0,71.03636,2
0,72.6212,2
0,74.90224,2
0,68.80303333,1
0,67.59998,1
0,65.31816667,1
19,67.83636,2
0,69.30301667,1
0,65.09092,1
19,87.9798,2
37,83.71211667,2
0,75.25,2
0,75.80953333,2
78,68.12928,2
0,70.24241667,2
0,69.0182,1
0,67.83333333,1
4,64.74544,2
0,65.00001667,1
0,69.21818,1
0,72.25758333,2
13,72.50908,2
43,70.7091,2
12,67.69695,2
45,66.38184,2
25,64.33331667,2
122,112.0501667,2
0,78.3333,2
1654,102.682,3
3605,104.5000333,3
59,77.03636,2
1064,92.27275,2
341,90.13635,2
75,79.54545,2
0,64.75002,1
0,63.4697,1
0,65.6,1
0,62.63636667,1
0,63.76362,1
0,67.59091667,1
0,66,1
69,87.833325,2
15,84.51516667,2
208,80.8485,2
217,79.5091,2
340,79.81818,2
974,82.09093333,2
14,76.76364,2
355,80.15153333,2
71,72.51922,2
0,70.04545,2
0,70.90908,2
0,66.12121667,1
0,66.96362,1
0,63.09093333,1
0,67.05454,1
0,67.15151667,1
0,63.67274,1
44,69.60605,2
72,86,2
664,81.2909,2
331,81.37876667,2
646,91.50546,2
28,63.51516667,2
0,62.98182,1
20,60.62121667,2
4,61.69546667,2
0,63.54546,1
8,62.49998333,2
0,62.32726,1
0,60.40906667,1
0,62.41818,1
0,66.16668333,1
0,70.45454,2
28,71.33331667,2
63,75.22725,2
0,71.65454,2
31,77.7879,2
97,99.3636,2
202,76.85454,2
102,80.36364,2
47,78.51515,2
2386,96.6546,2
3205,103.2575,3
8,85.218725,2
0,88.99046667,2
0,88.77776667,2
0,84.54763333,2
409,83.1591,2
0,71.09868,2
7,68.78788333,2
0,67.27274,1
0,65.84851667,1
0,63.16364,1
0,61.3485,1
0,66.18184,1
0,64.1818,1
0,63.18182,1
56,69.89391667,2
328,72.34546,2
204,72.21818,2
147,78.43938333,2
296,76.16362,2
0,71.4394,2
129,73.5188,2
1041,85.90908,2
1069,89.23636667,2
1103,82.49084,2
449,82.39393333,2
800,74.18182,2
93,78.3455,2
0,69.0606,1
72,66.69092,2
91,69.24998333,2
8,64.9697,2
0,66.54546,1
0,67.81818333,1
0,65.70908,1
0,61.92425,1
0,61.30908,1
0,67.13638333,1
10,67.7091,2
50,71.86361667,2
0,68.56362,1
46,69.0909,2
325,83.88256667,2
372,96.9455,2
9,81.78786667,2
122,76.03636,2
50,78.92426667,2
171,79.32726,2
280,76.58788333,2
241,81.16364,2
81,115.667,2
7,68.7909,2
33,69.51515,2
0,69.4727,1
27,67.15758,2
42,63.65153333,2
0,58.65454,1
8,57.59093333,2
0,60.96366,1
0,63.3788,1
0,64.12728,1
116,69.0606,2
9,67.01818,2
78,67.16666667,2
53,65.54546,2
0,64,1
1791,102.21812,3
291,74.5909,2
106,70.8409,2
20,118.6,2
6,72.67272,2
0,69.09091667,1
0,66.14546,1
0,65.27271667,1
17,67.22272,2
44,66.5303,2
0,69.65454,1
0,75.50001667,2
0,74.83638,2
0,76.10908,2
235,73.12123333,2
2772,99.61818,2
2131,118.00375,3
89,83.39393333,2
27,80.8909,2
34,78.16668333,2
66,72.41818,2
24,67.76364,2
0,65.96665,1
0,64.39393333,1
0,66.45456,1
0,65.95456667,1
0,69.4182,1
0,66.45453333,1
0,71.01818,2
76,74.5442,2
131,73.66666667,2
57,78.25456,2
126,75.3788,2
0,74.61818,2
163,74.2761,2
0,71.29092,2
270,79.25756667,2
0,80.6,2
0,83.5,2
6,75.9091,2
483,82.03636,2
394,81.72726667,2
507,78.49088,2
313,75.00151667,2
61,66.63638,2
0,67.87878,1
0,64.4394,1
0,68.65452,1
7,68.34848333,2
0,63.14546,1
0,64.45453333,1
0,66.56364,1
0,69.07576667,1
20,68.90908,2
27,73.85496667,2
0,75,2
0,112.2855,2
13,108.83325,2
0,100,2
26,66.95455,2
127,76.68183333,2
4,71.30908,2
17,71.25756667,2
8,72.0078,2
0,67.74243333,1
12,75.85454,2
0,70.93938333,2
0,70.94546,2
0,64.39391667,1
0,67.98182,1
0,69.78788333,1
76,73.94546,2
60,69.81816667,2
123,76.39393333,2
172,75.81818,2
0,117.3335,2
0,106.3125,2
0,87.55556667,2
0,77.4762,2
106,76.81815,2
247,78.92728,2
7,73.30303333,2
48,69.25,2
41,72.29545,2
5,66.51516667,2
0,65.0909,1
45,65.65151667,2
9,62.60605,2
0,62.34544,1
7,61.1818,2
0,61.92728,1
0,69.1212,1
0,67.43638,1
174,73.37878333,2
40,69.8909,2
212,71.0303,2
11,75.6909,2
49,78.65456,2
0,73.04546667,2
0,70.76364,2
14,70.1212,2
68,76.0909,2
1398,83.21211667,2
0,79.06666,2
42,77.6,2
254,78.83333333,2
642,82.47272,2
6,84.9394,2
0,78.27272,2
24,72.16666667,2
6,71.74318,2
150,74.07575,2
0,72.45456,2
0,71.0606,2
0,69.14544,1
0,71.4091,2
0,67.90912,1
0,70.18181667,2
0,73.56362,2
32,70.5623,2
37,78.36365,2
147,80.47272,2
233,84.96968333,2
247,86.89092,2
250,91.9636,2
135,84.72726,2
192,82.04545,2
274,80.54546,2
489,80.75758333,2
468,83.8,2
2076,103.1819667,3
226,90.96363333,2
18,91.3333,2
58,78.7841,2
26,75.61038571,2
0,71.01515,2
0,69.8909,1
20,67.22728333,2
0,69.6,1
17,68.1818,2
0,65.61816,1
617,77.06138,2
214,84,2
1760,83.15151667,2
107,70.5091,2
84,71.8182,2
70,81.181825,2
44,73.0303,2
12,70.69092,2
33,68.5,2
81,77.12728,2
2555,84.78176,2
3592,107.5382,3
19,83.72726,2
0,71.45456,2
0,66.87881667,1
0,69.9091,1
0,71.05454,2
23,66.69696667,2
0,73.81818,2
0,68.09091667,1
0,67.34546,1
14,74.13635,2
37,73.00004,2
18,68.68485,2
0,69.10912,1
939,80.5091,2
111,93.14791667,2
48,77.16364,2
82,77.45518,2
65,80.56366,2
0,75.2424,2
0,73.431825,2
290,76.79998,2
21,75.59091667,2
8,77.19998,2
76,78.03638,2
64,76.74243333,2
0,72.3818,2
22,74.05303333,2
12,70.75758333,2
0,66.27272,1
0,70.9091,2
0,67.94544,1
9,66.5303,2
0,65.25456,1
7,69.34851667,2
48,71.96364,2
19,72.1212,2
104,76.9818,2
226,87.84545,2
210,84.33335,2
164,80.81818,2
135,78.33331667,2
212,79.81818,2
202,81,2
63,81.38184,2
178,82.93938333,2
276,84.1818,2
368,79.63638333,2
510,81.2909,2
175,86.073875,2
14,70.97272,2
0,71.98483333,2
0,69.25454,1
0,71.13636667,2
0,74.0909,2
20,71.45451667,2
0,71.47272,2
244,77.3788,2
9,79.32728,2
74,84.93941667,2
0,79.53452,2
0,74.41818,2
0,72.42425,2
391,77.56364,2
37,74.63636667,2
444,79.8,2
567,86.48478333,2
13,77.38182,2
491,80.84848333,2
884,79.20544,2
443,83.28788333,2
75,89.14538,2
117,82.21092,2
22,80.64713333,2
9,69.22728333,2
0,70.4,2
0,71.0606,2
0,82.09094,2
0,79.01515,2
0,80.38184,2
0,81.77271667,2
0,82.30908,2
178,87.90043333,2
246,95.16364,2
338,90.34546,2
1914,110.9998667,3
1465,120.8362,3
239,97.04545,2
533,90.75756667,2
618,90.29092,2
476,94.88936667,2
455,90.83636,2
171,94.32726,2
257,104.144,2
128,96.491,2
102,88.37878333,2
225,85.07272,2
107,78.5404,2
0,75.22725,2
138,75.63636,2
0,72,2
0,68.87274,1
0,70.77273333,2
0,73.14546,2
0,77.5,2
56,75.3091,2
12,72.8788,2
290,77.98184,2
642,87.67272,2
650,89,2
1136,92.03636,2
430,87.51513333,2
397,84.10908,2
0,77.86363333,2
0,77.74542,2
291,81.04546667,2
286,86.01818,2
584,88.04545,2
27,82.50906,2
203,85.10823333,2
48,81.51135,2
47,71.05454,2
46,78.3788,2
0,80.23636,2
192,83.30225,2
207,86.92728,2
321,84.72728,2
123,84.30301667,2
394,86.65456,2
29,81.66666667,2
0,80.45455,2
150,76.74544,2
0,71.85714,2
13,94.12771667,2
45,70.65454,2
0,67.45453333,1
0,66.87274,1
18,67.65456,2
52,70.22728333,2
0,78.2121,2
72,72.54545,2
71,87.06908,2
0,94,2
86,90.31818333,2
49,83.67272,2
41,78.27268333,2
1632,87.58182,2
3352,121.57975,3
120,94,2
75,80.89396667,2
89,75,2
23,75.13635,2
0,73.22078,2
44,71.12121667,2
0,68.45456,1
0,69.04545,1
0,67.25454,1
4,67.69698333,2
0,68.07272,1
7,68.00001667,2
24,70.47274,2
1030,91.04545,2
7,80.32728,2
20,79.9091,2
998,86.59083333,2
511,96.07268,2
635,86.92423333,2
46,80.14748,2
0,60.5,1
661,98.840725,2
4,86.03031667,2
189,83.8,2
0,82.3972,2
0,81,2
33,76.64543333,2
83,71.19695,2
0,69.6182,1
12,70.36365,2
0,73.61818,2
0,68.8788,1
0,70.67274,2
194,77.06061667,2
0,73.03634,2
18,71.48485,2
15,70.50912,2
577,87.56364,2
240,85.31818333,2
20,81.2727,2
13,79.75274,2
148,81.33333333,2
31,78.57575,2
26,73.77955,2
67,82.3182,2
227,79.87876667,2
10,74.40002,2
9,70.04545,2
46,74.72272,2
9,71.9697,2
0,78.6909,2
0,72.25758333,2
4,72.00002,2
0,69.30303333,1
48,70.65454,2
208,75.25756667,2
124,75.69092,2
7,72.92425,2
46,72.58184,2
7,72.78182,2
85,75.46968333,2
1445,102.8711,3
2954,136.9545,3
203,94.931825,2
300,88.87282,2
430,85.30303333,2
241,86.5818,2
244,93.10605,2
122,89.90908,2
0,80.18182,2
0,86.1212,2
0,86.96366,2
0,84.71211667,2
10,87.93941667,2
0,80.99998,2
0,84.24241667,2
0,80.98182,2
5,79.80301667,2
0,74.98182,2
0,79.10605,2
197,85.5,2
0,99.6965,2
0,78.1212,2
793,88.68191667,2
0,81.45454,2
1012,97.22733333,2
984,104.52734,2
158,94.3841,2
28,91.03636,2
443,90.79998,2
774,87.71211667,2
279,83.2909,2
29,79.12726,2
224,87,2
54,81.80301667,2
462,82.45454,2
104,76.87121667,2
0,74.39395,2
20,74.2182,2
7,71.77273333,2
0,71.16364,2
0,69.86366667,1
5,69.9818,2
6,70.63636667,2
0,73.89092,2
19,73.3485,2
14,74.90908,2
198,77.50908,2
168,83.04545,2
8,79.2,2
159,75.49092,2
246,88.19696667,2
110,71.74544,2
543,76.72424,2
11,67.86365,2
5,67.14544,2
0,66.62121667,1
0,64.4182,1
0,64.2576,1
0,64.6,1
0,67.65151667,1
25,74.00002,2
0,73.50001667,2
0,74.86365,2
81,80.63636667,2
150,80.74546,2
499,92.05456,2
174,87.71213333,2
266,80.85456,2
331,83.18181667,2
0,81.25973333,2
169,75.16362,2
75,71.75758333,2
37,65.51314,2
8,64.03031667,2
0,65.12726,1
0,69.21213333,1
0,67.23638,1
0,65.25756667,1
0,64.9818,1
0,68.37876667,1
0,67.72726,1
55,77.272725,2
70,76.823875,2
108,86.80305,2
98,78.87272,2
175,88.089825,2
255,86.8,2
398,82.2879,2
116,78.68685,2
166,80.03031667,2
32,80.21818,2
218,80.74241667,2
0,76.1591,2
102,76.022725,2
157,80.568175,2
5,76.2,2
31,67.197,2
0,65.27272,1
0,67.83333333,1
0,66.56362,1
6,66.07575,2
8,67.12726,2
0,67.56061667,1
0,66.07272,1
16,74.66666667,2
1005,82.499975,2
629,88.0909,2
632,81.12728,2
206,85.2222,2
151,82.159075,2
1384,90.89391667,2
837,84.96364,2
439,81.14546,2
131,74.825775,2
36,74.770825,2
0,72.29798333,2
7,74.4899,2
0,69.81818,1
9,71.89395,2
11,72.4,2
0,72.51516667,2
0,71.87274,2
27,73.98485,2
14,76.27274,2
0,71.92726,2
59,76.16364,2
108,74.63635,2
179,106.9818167,2
55,81.09088,2
0,75.54763333,2
11,73.7273,2
149,77.90302,2
45,75.96362,2
150,75.41816,2
106,83.58081667,2
126,75.56362,2
44,72.6818,2
0,69.15756,1
21,66.57573333,2
0,66.95272,1
0,71.93938333,2
0,75.1091,2
0,69.15153333,1
0,69.98182,1
88,73.06061667,2
318,77,2
9,76.92425,2
9,76.78786667,2
16,76.27273333,2
78,73.89935,2
388,80.34546,2
0,75.57576667,2
141,75.58182,2
140,79.67274,2
0,79.5195,2
0,81.23233333,2
13,76.2,2
184,75.12121667,2
155,71.98178,2
52,71.4697,2
